Date,Open,High,Low,Close,Volume
1998-09-16,100.56,100.56,100.56,100.56,
1998-09-18,103.85,103.85,103.85,103.85,
1998-09-21,106.19,106.19,106.19,106.19,
1998-09-23,107.42,107.42,107.42,107.42,
1998-09-25,107.75,107.75,107.75,107.75,
1998-09-28,107.15,107.15,107.15,107.15,
1998-09-30,107.35,107.35,107.35,107.35,
1998-10-02,108.91,108.91,108.91,108.91,
1998-10-05,110.09,110.09,110.09,110.09,
1998-10-07,110.95,110.95,110.95,110.95,
1998-10-09,109.85,109.85,109.85,109.85,
1998-10-12,111.05,111.05,111.05,111.05,
1998-10-14,111.77,111.77,111.77,111.77,
1998-10-16,110.35,110.35,110.35,110.35,
1998-10-19,112.73,112.73,112.73,112.73,
1998-10-21,111.62,111.62,111.62,111.62,
1998-10-23,111.14,111.14,111.14,111.14,
1998-10-26,111.01,111.01,111.01,111.01,
1998-10-28,111.0,111.0,111.0,111.0,
1998-10-30,108.5,108.5,108.5,108.5,
1998-11-02,104.9,104.9,104.9,104.9,
1998-11-04,103.74,103.74,103.74,103.74,
1998-11-06,101.74,101.74,101.74,101.74,
1998-11-09,99.35,99.35,99.35,99.35,
1998-11-11,98.31,98.31,98.31,98.31,
1998-11-13,94.44,94.44,94.44,94.44,
1998-11-16,96.14,96.14,96.14,96.14,
1998-11-18,95.4,95.4,95.4,95.4,
1998-11-20,95.81,95.81,95.81,95.81,
1998-11-23,96.85,96.85,96.85,96.85,
1998-11-25,97.06,97.06,97.06,97.06,
1998-11-27,97.26,97.26,97.26,97.26,
1998-11-30,97.8,97.8,97.8,97.8,
1998-12-02,97.81,97.81,97.81,97.81,
1998-12-04,97.46,97.46,97.46,97.46,
1998-12-09,98.3,98.3,98.3,98.3,
1998-12-11,97.56,97.56,97.56,97.56,
1998-12-14,97.73,97.73,97.73,97.73,
1998-12-16,97.66,97.66,97.66,97.66,
1998-12-18,97.47,97.47,97.47,97.47,
1998-12-21,97.66,97.66,97.66,97.66,
1998-12-23,97.18,97.18,97.18,97.18,
1998-12-28,97.77,97.77,97.77,97.77,
1998-12-30,98.05,98.05,98.05,98.05,
1999-01-04,98.04,98.04,98.04,98.04,
1999-01-06,97.87,97.87,97.87,97.87,
1999-01-08,97.91,97.91,97.91,97.91,
1999-01-11,97.36,97.36,97.36,97.36,
1999-01-13,97.38,97.38,97.38,97.38,
1999-01-18,96.84,96.84,96.84,96.84,
1999-01-20,96.68,96.68,96.68,96.68,
1999-01-22,96.92,96.92,96.92,96.92,
1999-01-25,96.73,96.73,96.73,96.73,
1999-01-27,96.54,96.54,96.54,96.54,
1999-01-29,96.75,96.75,96.75,96.75,
1999-02-01,96.61,96.61,96.61,96.61,
1999-02-03,95.33,95.33,95.33,95.33,
1999-02-05,95.04,95.04,95.04,95.04,
1999-02-08,94.77,94.77,94.77,94.77,
1999-02-10,94.84,94.84,94.84,94.84,
1999-02-12,94.44,94.44,94.44,94.44,
1999-02-15,94.26,94.26,94.26,94.26,
1999-02-17,93.93,93.93,93.93,93.93,
1999-02-19,92.88,92.88,92.88,92.88,
1999-02-22,92.83,92.83,92.83,92.83,
1999-02-24,93.46,93.46,93.46,93.46,
1999-02-26,93.53,93.53,93.53,93.53,
1999-03-01,93.93,93.93,93.93,93.93,
1999-03-03,94.0,94.0,94.0,94.0,
1999-03-05,93.77,93.77,93.77,93.77,
1999-03-12,94.49,94.49,94.49,94.49,
1999-03-15,94.41,94.41,94.41,94.41,
1999-03-17,94.44,94.44,94.44,94.44,
1999-03-19,94.34,94.34,94.34,94.34,
1999-03-22,94.24,94.24,94.24,94.24,
1999-03-24,94.44,94.44,94.44,94.44,
1999-03-26,95.65,95.65,95.65,95.65,
1999-04-07,95.23,95.23,95.23,95.23,
1999-04-09,97.44,97.44,97.44,97.44,
1999-04-12,99.4,99.4,99.4,99.4,
1999-04-14,98.93,98.93,98.93,98.93,
1999-04-16,98.78,98.78,98.78,98.78,
1999-04-19,100.9,100.9,100.9,100.9,
1999-04-21,98.2,98.2,98.2,98.2,
1999-04-23,97.14,97.14,97.14,97.14,
1999-04-26,96.56,96.56,96.56,96.56,
1999-04-28,95.71,95.71,95.71,95.71,
1999-04-30,95.08,95.08,95.08,95.08,
1999-05-03,92.77,92.77,92.77,92.77,
1999-05-05,94.54,94.54,94.54,94.54,
1999-05-07,95.5,95.5,95.5,95.5,
1999-05-10,95.66,95.66,95.66,95.66,
1999-05-12,96.13,96.13,96.13,96.13,
1999-05-14,96.61,96.61,96.61,96.61,
1999-05-17,96.28,96.28,96.28,96.28,
1999-05-19,96.52,96.52,96.52,96.52,
1999-05-21,96.21,96.21,96.21,96.21,
1999-05-26,95.93,95.93,95.93,95.93,
1999-05-28,96.22,96.22,96.22,96.22,
1999-05-31,96.02,96.02,96.02,96.02,
1999-06-02,96.06,96.06,96.06,96.06,
1999-06-04,96.28,96.28,96.28,96.28,
1999-06-07,96.4,96.4,96.4,96.4,
1999-06-09,96.62,96.62,96.62,96.62,
1999-06-11,96.49,96.49,96.49,96.49,
1999-06-14,97.4,97.4,97.4,97.4,
1999-06-16,97.86,97.86,97.86,97.86,
1999-06-18,98.2,98.2,98.2,98.2,
1999-06-21,98.58,98.58,98.58,98.58,
1999-06-23,98.09,98.09,98.09,98.09,
1999-06-25,98.1,98.1,98.1,98.1,
1999-06-28,98.05,98.05,98.05,98.05,
1999-06-30,97.78,97.78,97.78,97.78,
1999-07-02,96.46,96.46,96.46,96.46,
1999-07-05,95.7,95.7,95.7,95.7,
1999-07-07,93.8,93.8,93.8,93.8,
1999-07-09,92.7,92.7,92.7,92.7,
1999-07-12,93.36,93.36,93.36,93.36,
1999-07-14,91.59,91.59,91.59,91.59,
1999-07-16,90.05,90.05,90.05,90.05,
1999-07-19,90.08,90.08,90.08,90.08,
1999-07-21,89.44,89.44,89.44,89.44,
1999-07-23,89.94,89.94,89.94,89.94,
1999-07-26,90.24,90.24,90.24,90.24,
1999-07-28,89.97,89.97,89.97,89.97,
1999-07-30,89.53,89.53,89.53,89.53,
1999-08-02,89.81,89.81,89.81,89.81,
1999-08-04,90.3,90.3,90.3,90.3,
1999-08-06,90.08,90.08,90.08,90.08,
1999-08-09,89.9,89.9,89.9,89.9,
1999-08-11,89.14,89.14,89.14,89.14,
1999-08-13,89.02,89.02,89.02,89.02,
1999-08-16,88.97,88.97,88.97,88.97,
1999-08-18,88.63,88.63,88.63,88.63,
1999-08-20,88.33,88.33,88.33,88.33,
1999-08-23,88.29,88.29,88.29,88.29,
1999-08-25,87.83,87.83,87.83,87.83,
1999-08-27,87.32,87.32,87.32,87.32,
1999-08-30,87.35,87.35,87.35,87.35,
1999-09-01,87.44,87.44,87.44,87.44,
1999-09-03,87.79,87.79,87.79,87.79,
1999-09-06,87.85,87.85,87.85,87.85,
1999-09-08,87.7,87.7,87.7,87.7,
1999-09-10,87.55,87.55,87.55,87.55,
1999-09-13,87.4,87.4,87.4,87.4,
1999-09-15,87.06,87.06,87.06,87.06,
1999-09-17,87.06,87.06,87.06,87.06,
1999-09-20,86.99,86.99,86.99,86.99,
1999-09-22,87.26,87.26,87.26,87.26,
1999-09-24,87.18,87.18,87.18,87.18,
1999-09-27,87.14,87.14,87.14,87.14,
1999-09-29,87.13,87.13,87.13,87.13,
1999-10-01,87.03,87.03,87.03,87.03,
1999-10-04,86.02,86.02,86.02,86.02,
1999-10-06,87.5,87.5,87.5,87.5,
1999-10-08,87.15,87.15,87.15,87.15,
1999-10-11,87.32,87.32,87.32,87.32,
1999-10-13,87.96,87.96,87.96,87.96,
1999-10-15,87.9,87.9,87.9,87.9,
1999-10-18,88.03,88.03,88.03,88.03,
1999-10-20,88.08,88.08,88.08,88.08,
1999-10-22,88.25,88.25,88.25,88.25,
1999-10-25,87.77,87.77,87.77,87.77,
1999-10-27,87.64,87.64,87.64,87.64,
1999-10-29,87.68,87.68,87.68,87.68,
1999-11-03,87.36,87.36,87.36,87.36,
1999-11-05,87.27,87.27,87.27,87.27,
1999-11-08,87.53,87.53,87.53,87.53,
1999-11-10,87.86,87.86,87.86,87.86,
1999-11-12,87.68,87.68,87.68,87.68,
1999-11-17,86.87,86.87,86.87,86.87,
1999-11-19,87.33,87.33,87.33,87.33,
1999-11-22,87.47,87.47,87.47,87.47,
1999-11-24,87.77,87.77,87.77,87.77,
1999-11-26,87.71,87.71,87.71,87.71,
1999-11-29,87.7,87.7,87.7,87.7,
1999-12-01,87.64,87.64,87.64,87.64,
1999-12-03,87.23,87.23,87.23,87.23,
1999-12-06,87.55,87.55,87.55,87.55,
1999-12-08,87.96,87.96,87.96,87.96,
1999-12-10,87.95,87.95,87.95,87.95,
1999-12-13,87.76,87.76,87.76,87.76,
1999-12-15,87.7,87.7,87.7,87.7,
1999-12-17,87.97,87.97,87.97,87.97,
1999-12-20,88.37,88.37,88.37,88.37,
1999-12-22,88.72,88.72,88.72,88.72,
1999-12-27,89.0,89.0,89.0,89.0,
1999-12-29,89.8,89.8,89.8,89.8,
1999-12-31,91.34,91.34,91.34,91.34,
2000-01-05,91.28,91.28,91.28,91.28,
2000-01-07,91.16,91.16,91.16,91.16,
2000-01-10,90.2,90.2,90.2,90.2,
2000-01-12,89.26,89.26,89.26,89.26,
2000-01-14,88.63,88.63,88.63,88.63,
2000-01-17,88.31,88.31,88.31,88.31,
2000-01-19,88.42,88.42,88.42,88.42,
2000-01-21,88.26,88.26,88.26,88.26,
2000-01-24,87.8,87.8,87.8,87.8,
2000-01-26,86.85,86.85,86.85,86.85,
2000-01-28,86.59,86.59,86.59,86.59,
2000-01-31,86.25,86.25,86.25,86.25,
2000-02-02,85.61,85.61,85.61,85.61,
2000-02-04,85.66,85.66,85.66,85.66,
2000-02-07,85.48,85.48,85.48,85.48,
2000-02-09,85.41,85.41,85.41,85.41,
2000-02-11,85.37,85.37,85.37,85.37,
2000-02-14,85.37,85.37,85.37,85.37,
2000-02-16,85.47,85.47,85.47,85.47,
2000-02-18,85.36,85.36,85.36,85.36,
2000-02-21,85.25,85.25,85.25,85.25,
2000-02-23,85.26,85.26,85.26,85.26,
2000-02-25,84.89,84.89,84.89,84.89,
2000-02-28,84.83,84.83,84.83,84.83,
2000-03-01,84.88,84.88,84.88,84.88,
2000-03-03,84.99,84.99,84.99,84.99,
2000-03-06,84.66,84.66,84.66,84.66,
2000-03-08,84.63,84.63,84.63,84.63,
2000-03-10,83.71,83.71,83.71,83.71,
2000-03-13,83.7,83.7,83.7,83.7,
2000-03-15,83.68,83.68,83.68,83.68,
2000-03-17,83.68,83.68,83.68,83.68,
2000-03-20,83.68,83.68,83.68,83.68,
2000-03-22,84.09,84.09,84.09,84.09,
2000-03-24,83.71,83.71,83.71,83.71,
2000-03-27,83.71,83.71,83.71,83.71,
2000-03-29,83.16,83.16,83.16,83.16,
2000-03-31,83.21,83.21,83.21,83.21,
2000-04-03,83.55,83.55,83.55,83.55,
2000-04-05,83.5,83.5,83.5,83.5,
2000-04-07,83.45,83.45,83.45,83.45,
2000-04-10,83.43,83.43,83.43,83.43,
2000-04-12,83.24,83.24,83.24,83.24,
2000-04-14,83.09,83.09,83.09,83.09,
2000-04-17,82.84,82.84,82.84,82.84,
2000-04-19,82.84,82.84,82.84,82.84,
2000-04-21,82.83,82.83,82.83,82.83,
2000-04-26,82.74,82.74,82.74,82.74,
2000-04-28,82.74,82.74,82.74,82.74,
2000-05-03,82.75,82.75,82.75,82.75,
2000-05-05,82.89,82.89,82.89,82.89,
2000-05-08,83.09,83.09,83.09,83.09,
2000-05-10,83.27,83.27,83.27,83.27,
2000-05-12,83.24,83.24,83.24,83.24,
2000-05-15,83.24,83.24,83.24,83.24,
2000-05-17,83.04,83.04,83.04,83.04,
2000-05-19,82.81,82.81,82.81,82.81,
2000-05-22,82.85,82.85,82.85,82.85,
2000-05-24,82.79,82.79,82.79,82.79,
2000-05-26,82.21,82.21,82.21,82.21,
2000-05-29,82.2,82.2,82.2,82.2,
2000-05-31,82.19,82.19,82.19,82.19,
2000-06-02,82.66,82.66,82.66,82.66,
2000-06-05,82.66,82.66,82.66,82.66,
2000-06-07,82.15,82.15,82.15,82.15,
2000-06-09,82.71,82.71,82.71,82.71,
2000-06-16,82.7,82.7,82.7,82.7,
2000-06-19,82.71,82.71,82.71,82.71,
2000-06-21,82.7,82.7,82.7,82.7,
2000-06-23,82.72,82.72,82.72,82.72,
2000-06-26,82.26,82.26,82.26,82.26,
2000-06-28,82.15,82.15,82.15,82.15,
2000-06-30,82.16,82.16,82.16,82.16,
2000-07-03,81.95,81.95,81.95,81.95,
2000-07-07,81.56,81.56,81.56,81.56,
2000-07-10,81.29,81.29,81.29,81.29,
2000-07-12,81.44,81.44,81.44,81.44,
2000-07-14,81.49,81.49,81.49,81.49,
2000-07-17,81.45,81.45,81.45,81.45,
2000-07-19,81.07,81.07,81.07,81.07,
2000-07-21,80.1,80.1,80.1,80.1,
2000-07-26,79.4,79.4,79.4,79.4,
2000-07-28,79.97,79.97,79.97,79.97,
2000-07-31,80.0,80.0,80.0,80.0,
2000-08-02,78.97,78.97,78.97,78.97,
2000-08-04,78.29,78.29,78.29,78.29,
2000-08-09,77.05,77.05,77.05,77.05,
2000-08-11,76.53,76.53,76.53,76.53,
2000-08-14,76.16,76.16,76.16,76.16,
2000-08-16,75.01,75.01,75.01,75.01,
2000-08-18,75.01,75.01,75.01,75.01,
2000-08-21,74.93,74.93,74.93,74.93,
2000-08-23,74.99,74.99,74.99,74.99,
2000-08-25,75.02,75.02,75.02,75.02,
2000-08-28,75.59,75.59,75.59,75.59,
2000-08-30,75.4,75.4,75.4,75.4,
2000-09-01,75.34,75.34,75.34,75.34,
2000-09-04,75.37,75.37,75.37,75.37,
2000-09-06,75.37,75.37,75.37,75.37,
2000-09-08,75.19,75.19,75.19,75.19,
2000-09-11,75.21,75.21,75.21,75.21,
2000-09-13,75.23,75.23,75.23,75.23,
2000-09-15,75.19,75.19,75.19,75.19,
2000-09-20,72.99,72.99,72.99,72.99,
2000-09-22,74.73,74.73,74.73,74.73,
2000-09-25,74.54,74.54,74.54,74.54,
2000-09-27,73.53,73.53,73.53,73.53,
2000-09-29,73.3,73.3,73.3,73.3,
2000-10-02,73.38,73.38,73.38,73.38,
2000-10-04,73.14,73.14,73.14,73.14,
2000-10-06,73.33,73.33,73.33,73.33,
2000-10-09,73.8,73.8,73.8,73.8,
2000-10-11,73.35,73.35,73.35,73.35,
2000-10-13,73.17,73.17,73.17,73.17,
2000-10-16,72.93,72.93,72.93,72.93,
2000-10-18,72.7,72.7,72.7,72.7,
2000-10-20,73.12,73.12,73.12,73.12,
2000-10-25,73.76,73.76,73.76,73.76,
2000-10-27,74.66,74.66,74.66,74.66,
2000-10-30,73.68,73.68,73.68,73.68,
2000-11-02,73.66,73.66,73.66,73.66,
2000-11-03,73.18,73.18,73.18,73.18,
2000-11-06,73.66,73.66,73.66,73.66,
2000-11-08,73.63,73.63,73.63,73.63,
2000-11-10,73.21,73.21,73.21,73.21,
2000-11-13,73.62,73.62,73.62,73.62,
2000-11-16,73.05,73.05,73.05,73.05,
2000-11-17,73.44,73.44,73.44,73.44,
2000-11-20,72.99,72.99,72.99,72.99,
2000-11-22,72.98,72.98,72.98,72.98,
2000-11-24,73.47,73.47,73.47,73.47,
2000-11-27,73.19,73.19,73.19,73.19,
2000-11-29,73.92,73.92,73.92,73.92,
2000-12-01,73.51,73.51,73.51,73.51,
2000-12-04,73.51,73.51,73.51,73.51,
2000-12-06,73.36,73.36,73.36,73.36,
2000-12-08,74.42,74.42,74.42,74.42,
2000-12-11,74.48,74.48,74.48,74.48,
2000-12-13,74.48,74.48,74.48,74.48,
2000-12-15,74.99,74.99,74.99,74.99,
2000-12-18,74.16,74.16,74.16,74.16,
2000-12-20,74.43,74.43,74.43,74.43,
2000-12-22,74.55,74.55,74.55,74.55,
2000-12-26,74.81,74.81,74.81,74.81,
2000-12-28,74.54,74.54,74.54,74.54,
2000-12-29,74.76,74.76,74.76,74.76,
2001-01-02,74.88,74.88,74.88,74.88,
2001-01-03,74.73,74.73,74.73,74.73,
2001-01-05,74.27,74.27,74.27,74.27,
2001-01-08,74.24,74.24,74.24,74.24,
2001-01-10,74.33,74.33,74.33,74.33,
2001-01-12,74.66,74.66,74.66,74.66,
2001-01-15,74.69,74.69,74.69,74.69,
2001-01-17,74.21,74.21,74.21,74.21,
2001-01-19,74.15,74.15,74.15,74.15,
2001-01-22,73.86,73.86,73.86,73.86,
2001-01-24,73.66,73.66,73.66,73.66,
2001-01-26,73.07,73.07,73.07,73.07,
2001-01-29,73.02,73.02,73.02,73.02,
2001-01-31,73.01,73.01,73.01,73.01,
2001-02-02,73.04,73.04,73.04,73.04,
2001-02-05,73.04,73.04,73.04,73.04,
2001-02-07,73.03,73.03,73.03,73.03,
2001-02-09,72.13,72.13,72.13,72.13,
2001-02-12,71.97,71.97,71.97,71.97,
2001-02-14,71.79,71.79,71.79,71.79,
2001-02-16,71.79,71.79,71.79,71.79,
2001-02-19,71.79,71.79,71.79,71.79,
2001-02-21,71.97,71.97,71.97,71.97,
2001-02-23,71.65,71.65,71.65,71.65,
2001-02-26,71.64,71.64,71.64,71.64,
2001-02-28,71.66,71.66,71.66,71.66,
2001-03-02,71.65,71.65,71.65,71.65,
2001-03-06,71.53,71.53,71.53,71.53,
2001-03-07,71.6,71.6,71.6,71.6,
2001-03-09,71.74,71.74,71.74,71.74,
2001-03-12,71.77,71.77,71.77,71.77,
2001-03-14,71.95,71.95,71.95,71.95,
2001-03-16,71.29,71.29,71.29,71.29,
2001-03-19,71.3,71.3,71.3,71.3,
2001-03-21,71.31,71.31,71.31,71.31,
2001-03-23,71.4,71.4,71.4,71.4,
2001-03-26,71.39,71.39,71.39,71.39,
2001-03-28,71.52,71.52,71.52,71.52,
2001-03-30,71.69,71.69,71.69,71.69,
2001-04-02,71.95,71.95,71.95,71.95,
2001-04-04,71.86,71.86,71.86,71.86,
2001-04-06,71.65,71.65,71.65,71.65,
2001-04-09,71.61,71.61,71.61,71.61,
2001-04-11,71.57,71.57,71.57,71.57,
2001-04-13,71.55,71.55,71.55,71.55,
2001-04-17,71.57,71.57,71.57,71.57,
2001-04-18,71.78,71.78,71.78,71.78,
2001-04-20,71.84,71.84,71.84,71.84,
2001-04-23,71.88,71.88,71.88,71.88,
2001-04-25,71.23,71.23,71.23,71.23,
2001-04-27,71.25,71.25,71.25,71.25,
2001-04-30,71.38,71.38,71.38,71.38,
2001-05-02,71.4,71.4,71.4,71.4,
2001-05-04,71.28,71.28,71.28,71.28,
2001-05-07,71.28,71.28,71.28,71.28,
2001-05-09,71.58,71.58,71.58,71.58,
2001-05-11,71.73,71.73,71.73,71.73,
2001-05-14,71.77,71.77,71.77,71.77,
2001-05-16,71.99,71.99,71.99,71.99,
2001-05-18,72.77,72.77,72.77,72.77,
2001-05-21,73.23,73.23,73.23,73.23,
2001-05-23,74.04,74.04,74.04,74.04,
2001-05-25,75.63,75.63,75.63,75.63,
2001-05-28,77.56,77.56,77.56,77.56,
2001-05-30,77.88,77.88,77.88,77.88,
2001-06-01,77.8,77.8,77.8,77.8,
2001-06-05,77.8,77.8,77.8,77.8,
2001-06-06,78.51,78.51,78.51,78.51,
2001-06-08,78.4,78.4,78.4,78.4,
2001-06-11,78.07,78.07,78.07,78.07,
2001-06-13,77.75,77.75,77.75,77.75,
2001-06-15,77.07,77.07,77.07,77.07,
2001-06-18,76.37,76.37,76.37,76.37,
2001-06-20,75.53,75.53,75.53,75.53,
2001-06-22,74.65,74.65,74.65,74.65,
2001-06-25,74.11,74.11,74.11,74.11,
2001-06-27,73.8,73.8,73.8,73.8,
2001-06-29,74.72,74.72,74.72,74.72,
2001-07-02,75.16,75.16,75.16,75.16,
2001-07-04,74.95,74.95,74.95,74.95,
2001-07-06,74.86,74.86,74.86,74.86,
2001-07-09,74.97,74.97,74.97,74.97,
2001-07-11,73.95,73.95,73.95,73.95,
2001-07-13,72.14,72.14,72.14,72.14,
2001-07-16,71.84,71.84,71.84,71.84,
2001-07-18,71.76,71.76,71.76,71.76,
2001-07-20,71.74,71.74,71.74,71.74,
2001-07-23,69.9,69.9,69.9,69.9,
2001-07-25,69.79,69.79,69.79,69.79,
2001-07-27,69.75,69.75,69.75,69.75,
2001-07-30,69.63,69.63,69.63,69.63,
2001-08-01,69.34,69.34,69.34,69.34,
2001-08-03,69.49,69.49,69.49,69.49,
2001-08-08,69.49,69.49,69.49,69.49,
2001-08-10,69.39,69.39,69.39,69.39,
2001-08-13,69.38,69.38,69.38,69.38,
2001-08-16,68.52,68.52,68.52,68.52,
2001-08-17,68.57,68.57,68.57,68.57,
2001-08-20,68.57,68.57,68.57,68.57,
2001-08-22,68.52,68.52,68.52,68.52,
2001-08-24,68.53,68.53,68.53,68.53,
2001-08-27,68.71,68.71,68.71,68.71,
2001-08-29,68.62,68.62,68.62,68.62,
2001-08-31,69.4,69.4,69.4,69.4,
2001-09-03,70.46,70.46,70.46,70.46,
2001-09-05,69.28,69.28,69.28,69.28,
2001-09-07,68.87,68.87,68.87,68.87,
2001-09-10,68.36,68.36,68.36,68.36,
2001-09-12,68.34,68.34,68.34,68.34,
2001-09-14,68.38,68.38,68.38,68.38,
2001-09-17,69.02,69.02,69.02,69.02,
2001-09-19,69.3,69.3,69.3,69.3,
2001-09-21,68.83,68.83,68.83,68.83,
2001-09-24,68.9,68.9,68.9,68.9,
2001-09-26,68.62,68.62,68.62,68.62,
2001-09-28,68.65,68.65,68.65,68.65,
2001-10-01,68.41,68.41,68.41,68.41,
2001-10-03,68.43,68.43,68.43,68.43,
2001-10-05,68.26,68.26,68.26,68.26,
2001-10-08,68.26,68.26,68.26,68.26,
2001-10-10,68.2,68.2,68.2,68.2,
2001-10-12,68.17,68.17,68.17,68.17,
2001-10-15,68.17,68.17,68.17,68.17,
2001-10-17,67.8,67.8,67.8,67.8,
2001-10-19,67.73,67.73,67.73,67.73,
2001-10-22,67.99,67.99,67.99,67.99,
2001-10-24,68.09,68.09,68.09,68.09,
2001-10-26,68.14,68.14,68.14,68.14,
2001-10-29,68.23,68.23,68.23,68.23,
2001-10-31,68.03,68.03,68.03,68.03,
2001-11-02,68.03,68.03,68.03,68.03,
2001-11-05,68.11,68.11,68.11,68.11,
2001-11-07,67.93,67.93,67.93,67.93,
2001-11-09,67.75,67.75,67.75,67.75,
2001-11-12,67.75,67.75,67.75,67.75,
2001-11-13,67.69,67.69,67.69,67.69,
2001-11-14,67.69,67.69,67.69,67.69,
2001-11-16,67.62,67.62,67.62,67.62,
2001-11-19,67.84,67.84,67.84,67.84,
2001-11-20,67.89,67.89,67.89,67.89,
2001-11-21,67.59,67.59,67.59,67.59,
2001-11-22,67.57,67.57,67.57,67.57,
2001-11-23,67.51,67.51,67.51,67.51,
2001-11-26,67.51,67.51,67.51,67.51,
2001-11-27,67.51,67.51,67.51,67.51,
2001-11-28,67.54,67.54,67.54,67.54,
2001-11-29,67.53,67.53,67.53,67.53,
2001-11-30,67.46,67.46,67.46,67.46,
2001-12-03,67.46,67.46,67.46,67.46,
2001-12-04,67.48,67.48,67.48,67.48,
2001-12-05,67.46,67.46,67.46,67.46,
2001-12-06,67.4,67.4,67.4,67.4,
2001-12-07,67.4,67.4,67.4,67.4,
2001-12-10,67.33,67.33,67.33,67.33,
2001-12-11,67.33,67.33,67.33,67.33,
2001-12-13,67.32,67.32,67.32,67.32,
2001-12-14,67.31,67.31,67.31,67.31,
2001-12-17,67.72,67.72,67.72,67.72,
2001-12-18,68.06,68.06,68.06,68.06,
2001-12-19,69.05,69.05,69.05,69.05,
2001-12-20,69.37,69.37,69.37,69.37,
2001-12-21,70.32,70.32,70.32,70.32,
2001-12-24,71.37,71.37,71.37,71.37,
2001-12-26,73.02,73.02,73.02,73.02,
2001-12-27,74.56,74.56,74.56,74.56,
2001-12-28,75.03,75.03,75.03,75.03,
2001-12-31,77.46,77.46,77.46,77.46,
2002-01-02,77.39,77.39,77.39,77.39,
2002-01-03,77.26,77.26,77.26,77.26,
2002-01-04,77.25,77.25,77.25,77.25,
2002-01-07,77.3,77.3,77.3,77.3,
2002-01-08,77.2,77.2,77.2,77.2,
2002-01-09,77.19,77.19,77.19,77.19,
2002-01-10,77.2,77.2,77.2,77.2,
2002-01-11,77.16,77.16,77.16,77.16,
2002-01-14,76.2,76.2,76.2,76.2,
2002-01-15,76.2,76.2,76.2,76.2,
2002-01-16,76.24,76.24,76.24,76.24,
2002-01-17,76.71,76.71,76.71,76.71,
2002-01-18,75.16,75.16,75.16,75.16,
2002-01-21,74.99,74.99,74.99,74.99,
2002-01-22,74.93,74.93,74.93,74.93,
2002-01-23,74.91,74.91,74.91,74.91,
2002-01-24,74.91,74.91,74.91,74.91,
2002-01-25,74.46,74.46,74.46,74.46,
2002-01-28,74.39,74.39,74.39,74.39,
2002-01-29,73.57,73.57,73.57,73.57,
2002-01-30,73.14,73.14,73.14,73.14,
2002-01-31,73.23,73.23,73.23,73.23,
2002-02-01,73.59,73.59,73.59,73.59,
2002-02-04,72.98,72.98,72.98,72.98,
2002-02-05,72.94,72.94,72.94,72.94,
2002-02-06,72.94,72.94,72.94,72.94,
2002-02-07,72.98,72.98,72.98,72.98,
2002-02-08,72.98,72.98,72.98,72.98,
2002-02-11,74.04,74.04,74.04,74.04,
2002-02-12,72.6,72.6,72.6,72.6,
2002-02-13,72.58,72.58,72.58,72.58,
2002-02-14,72.55,72.55,72.55,72.55,
2002-02-15,72.56,72.56,72.56,72.56,
2002-02-18,72.32,72.32,72.32,72.32,
2002-02-19,72.45,72.45,72.45,72.45,
2002-02-20,72.62,72.62,72.62,72.62,
2002-02-21,72.28,72.28,72.28,72.28,
2002-02-25,72.35,72.35,72.35,72.35,
2002-02-26,72.32,72.32,72.32,72.32,
2002-02-27,72.18,72.18,72.18,72.18,
2002-02-28,71.57,71.57,71.57,71.57,
2002-03-01,71.57,71.57,71.57,71.57,
2002-03-04,71.39,71.39,71.39,71.39,
2002-03-05,71.31,71.31,71.31,71.31,
2002-03-06,70.75,70.75,70.75,70.75,
2002-03-07,70.97,70.97,70.97,70.97,
2002-03-08,70.88,70.88,70.88,70.88,
2002-03-11,71.04,71.04,71.04,71.04,
2002-03-12,70.99,70.99,70.99,70.99,
2002-03-13,70.95,70.95,70.95,70.95,
2002-03-14,69.71,69.71,69.71,69.71,
2002-03-15,70.13,70.13,70.13,70.13,
2002-03-18,70.16,70.16,70.16,70.16,
2002-03-19,70.38,70.38,70.38,70.38,
2002-03-20,70.4,70.4,70.4,70.4,
2002-03-21,70.54,70.54,70.54,70.54,
2002-03-22,71.23,71.23,71.23,71.23,
2002-03-25,70.38,70.38,70.38,70.38,
2002-03-26,70.31,70.31,70.31,70.31,
2002-03-27,70.44,70.44,70.44,70.44,
2002-03-28,70.14,70.14,70.14,70.14,
2002-03-29,70.11,70.11,70.11,70.11,
2002-04-02,70.34,70.34,70.34,70.34,
2002-04-03,70.06,70.06,70.06,70.06,
2002-04-04,70.06,70.06,70.06,70.06,
2002-04-05,70.39,70.39,70.39,70.39,
2002-04-08,69.94,69.94,69.94,69.94,
2002-04-09,70.0,70.0,70.0,70.0,
2002-04-10,70.91,70.91,70.91,70.91,
2002-04-11,70.82,70.82,70.82,70.82,
2002-04-12,70.08,70.08,70.08,70.08,
2002-04-15,69.8,69.8,69.8,69.8,
2002-04-16,69.79,69.79,69.79,69.79,
2002-04-17,70.01,70.01,70.01,70.01,
2002-04-18,69.82,69.82,69.82,69.82,
2002-04-19,69.76,69.76,69.76,69.76,
2002-04-22,70.29,70.29,70.29,70.29,
2002-04-23,70.23,70.23,70.23,70.23,
2002-04-24,70.23,70.23,70.23,70.23,
2002-04-25,70.25,70.25,70.25,70.25,
2002-04-26,69.98,69.98,69.98,69.98,
2002-04-29,69.73,69.73,69.73,69.73,
2002-04-30,70.09,70.09,70.09,70.09,
2002-05-02,70.03,70.03,70.03,70.03,
2002-05-03,70.21,70.21,70.21,70.21,
2002-05-06,69.58,69.58,69.58,69.58,
2002-05-07,69.7,69.7,69.7,69.7,
2002-05-08,69.73,69.73,69.73,69.73,
2002-05-10,70.09,70.09,70.09,70.09,
2002-05-13,69.99,69.99,69.99,69.99,
2002-05-14,70.26,70.26,70.26,70.26,
2002-05-15,70.47,70.47,70.47,70.47,
2002-05-16,70.74,70.74,70.74,70.74,
2002-05-17,70.63,70.63,70.63,70.63,
2002-05-21,70.62,70.62,70.62,70.62,
2002-05-22,71.56,71.56,71.56,71.56,
2002-05-23,70.69,70.69,70.69,70.69,
2002-05-27,71.31,71.31,71.31,71.31,
2002-05-28,71.78,71.78,71.78,71.78,
2002-05-29,71.94,71.94,71.94,71.94,
2002-05-30,72.09,72.09,72.09,72.09,
2002-05-31,71.66,71.66,71.66,71.66,
2002-06-03,71.37,71.37,71.37,71.37,
2002-06-04,71.35,71.35,71.35,71.35,
2002-06-05,71.48,71.48,71.48,71.48,
2002-06-06,71.41,71.41,71.41,71.41,
2002-06-07,71.27,71.27,71.27,71.27,
2002-06-10,70.67,70.67,70.67,70.67,
2002-06-11,70.65,70.65,70.65,70.65,
2002-06-12,70.64,70.64,70.64,70.64,
2002-06-13,70.52,70.52,70.52,70.52,
2002-06-14,70.54,70.54,70.54,70.54,
2002-06-17,70.65,70.65,70.65,70.65,
2002-06-18,70.62,70.62,70.62,70.62,
2002-06-19,70.62,70.62,70.62,70.62,
2002-06-20,69.48,69.48,69.48,69.48,
2002-06-21,70.76,70.76,70.76,70.76,
2002-06-24,70.84,70.84,70.84,70.84,
2002-06-25,70.44,70.44,70.44,70.44,
2002-06-26,70.79,70.79,70.79,70.79,
2002-06-27,70.51,70.51,70.51,70.51,
2002-06-28,70.5,70.5,70.5,70.5,
2002-07-01,70.44,70.44,70.44,70.44,
2002-07-02,70.38,70.38,70.38,70.38,
2002-07-03,70.87,70.87,70.87,70.87,
2002-07-04,70.35,70.35,70.35,70.35,
2002-07-05,70.25,70.25,70.25,70.25,
2002-07-08,70.26,70.26,70.26,70.26,
2002-07-09,69.77,69.77,69.77,69.77,
2002-07-10,68.36,68.36,68.36,68.36,
2002-07-11,67.74,67.74,67.74,67.74,
2002-07-12,67.75,67.75,67.75,67.75,
2002-07-15,68.2,68.2,68.2,68.2,
2002-07-16,68.27,68.27,68.27,68.27,
2002-07-17,68.26,68.26,68.26,68.26,
2002-07-18,67.81,67.81,67.81,67.81,
2002-07-19,67.4,67.4,67.4,67.4,
2002-07-22,67.38,67.38,67.38,67.38,
2002-07-23,67.44,67.44,67.44,67.44,
2002-07-24,67.23,67.23,67.23,67.23,
2002-07-25,67.52,67.52,67.52,67.52,
2002-07-26,68.21,68.21,68.21,68.21,
2002-07-29,68.4,68.4,68.4,68.4,
2002-07-30,68.16,68.16,68.16,68.16,
2002-07-31,68.2,68.2,68.2,68.2,
2002-08-01,67.67,67.67,67.67,67.67,
2002-08-02,67.27,67.27,67.27,67.27,
2002-08-05,67.09,67.09,67.09,67.09,
2002-08-06,67.5,67.5,67.5,67.5,
2002-08-08,67.72,67.72,67.72,67.72,
2002-08-09,67.93,67.93,67.93,67.93,
2002-08-12,67.48,67.48,67.48,67.48,
2002-08-13,67.91,67.91,67.91,67.91,
2002-08-14,67.1,67.1,67.1,67.1,
2002-08-16,67.1,67.1,67.1,67.1,
2002-08-19,67.01,67.01,67.01,67.01,
2002-08-20,66.66,66.66,66.66,66.66,
2002-08-21,66.64,66.64,66.64,66.64,
2002-08-22,66.81,66.81,66.81,66.81,
2002-08-23,66.61,66.61,66.61,66.61,
2002-08-26,66.54,66.54,66.54,66.54,
2002-08-27,67.0,67.0,67.0,67.0,
2002-08-28,66.55,66.55,66.55,66.55,
2002-08-29,66.52,66.52,66.52,66.52,
2002-08-30,66.5,66.5,66.5,66.5,
2002-09-02,66.51,66.51,66.51,66.51,
2002-09-03,66.95,66.95,66.95,66.95,
2002-09-04,66.95,66.95,66.95,66.95,
2002-09-05,66.51,66.51,66.51,66.51,
2002-09-06,66.51,66.51,66.51,66.51,
2002-09-09,66.51,66.51,66.51,66.51,
2002-09-10,66.51,66.51,66.51,66.51,
2002-09-11,66.54,66.54,66.54,66.54,
2002-09-12,66.58,66.58,66.58,66.58,
2002-09-13,66.61,66.61,66.61,66.61,
2002-09-16,66.62,66.62,66.62,66.62,
2002-09-17,67.16,67.16,67.16,67.16,
2002-09-18,67.17,67.17,67.17,67.17,
2002-09-19,67.17,67.17,67.17,67.17,
2002-09-20,66.69,66.69,66.69,66.69,
2002-09-23,67.07,67.07,67.07,67.07,
2002-09-24,67.12,67.12,67.12,67.12,
2002-09-25,67.09,67.09,67.09,67.09,
2002-09-26,66.83,66.83,66.83,66.83,
2002-09-27,66.81,66.81,66.81,66.81,
2002-09-30,67.2,67.2,67.2,67.2,
2002-10-01,67.18,67.18,67.18,67.18,
2002-10-02,67.07,67.07,67.07,67.07,
2002-10-03,67.02,67.02,67.02,67.02,
2002-10-04,66.74,66.74,66.74,66.74,
2002-10-07,66.74,66.74,66.74,66.74,
2002-10-08,66.33,66.33,66.33,66.33,
2002-10-09,66.72,66.72,66.72,66.72,
2002-10-10,66.75,66.75,66.75,66.75,
2002-10-11,66.79,66.79,66.79,66.79,
2002-10-14,66.79,66.79,66.79,66.79,
2002-10-15,66.47,66.47,66.47,66.47,
2002-10-16,66.93,66.93,66.93,66.93,
2002-10-17,66.5,66.5,66.5,66.5,
2002-10-18,66.52,66.52,66.52,66.52,
2002-10-21,66.58,66.58,66.58,66.58,
2002-10-22,66.58,66.58,66.58,66.58,
2002-10-23,66.59,66.59,66.59,66.59,
2002-10-24,66.61,66.61,66.61,66.61,
2002-10-25,66.61,66.61,66.61,66.61,
2002-10-28,66.74,66.74,66.74,66.74,
2002-10-29,66.39,66.39,66.39,66.39,
2002-10-30,66.28,66.28,66.28,66.28,
2002-10-31,66.34,66.34,66.34,66.34,
2002-11-04,66.32,66.32,66.32,66.32,
2002-11-05,66.53,66.53,66.53,66.53,
2002-11-06,66.77,66.77,66.77,66.77,
2002-11-07,66.66,66.66,66.66,66.66,
2002-11-08,66.66,66.66,66.66,66.66,
2002-11-11,66.81,66.81,66.81,66.81,
2002-11-12,66.96,66.96,66.96,66.96,
2002-11-13,66.96,66.96,66.96,66.96,
2002-11-14,67.28,67.28,67.28,67.28,
2002-11-18,67.65,67.65,67.65,67.65,
2002-11-19,67.76,67.76,67.76,67.76,
2002-11-20,67.68,67.68,67.68,67.68,
2002-11-21,68.0,68.0,68.0,68.0,
2002-11-22,68.02,68.02,68.02,68.02,
2002-11-25,68.36,68.36,68.36,68.36,
2002-11-26,68.36,68.36,68.36,68.36,
2002-11-27,68.32,68.32,68.32,68.32,
2002-11-28,68.4,68.4,68.4,68.4,
2002-11-29,68.64,68.64,68.64,68.64,
2002-12-03,68.71,68.71,68.71,68.71,
2002-12-04,68.56,68.56,68.56,68.56,
2002-12-05,68.55,68.55,68.55,68.55,
2002-12-09,68.61,68.61,68.61,68.61,
2002-12-10,69.52,69.52,69.52,69.52,
2002-12-11,69.35,69.35,69.35,69.35,
2002-12-12,69.59,69.59,69.59,69.59,
2002-12-13,70.37,70.37,70.37,70.37,
2002-12-16,71.01,71.01,71.01,71.01,
2002-12-17,71.14,71.14,71.14,71.14,
2002-12-18,71.65,71.65,71.65,71.65,
2002-12-19,72.33,72.33,72.33,72.33,
2002-12-20,72.65,72.65,72.65,72.65,
2002-12-23,72.65,72.65,72.65,72.65,
2002-12-24,73.4,73.4,73.4,73.4,
2002-12-26,74.68,74.68,74.68,74.68,
2002-12-27,75.15,75.15,75.15,75.15,
2002-12-30,74.48,74.48,74.48,74.48,
2002-12-31,74.34,74.34,74.34,74.34,
2003-01-02,74.33,74.33,74.33,74.33,
2003-01-03,74.27,74.27,74.27,74.27,
2003-01-06,74.27,74.27,74.27,74.27,
2003-01-07,74.26,74.26,74.26,74.26,
2003-01-08,74.26,74.26,74.26,74.26,
2003-01-09,73.97,73.97,73.97,73.97,
2003-01-10,74.36,74.36,74.36,74.36,
2003-01-13,74.0,74.0,74.0,74.0,
2003-01-14,74.33,74.33,74.33,74.33,
2003-01-15,74.31,74.31,74.31,74.31,
2003-01-16,74.22,74.22,74.22,74.22,
2003-01-17,73.93,73.93,73.93,73.93,
2003-01-20,73.78,73.78,73.78,73.78,
2003-01-21,73.08,73.08,73.08,73.08,
2003-01-22,73.04,73.04,73.04,73.04,
2003-01-23,73.17,73.17,73.17,73.17,
2003-01-24,72.97,72.97,72.97,72.97,
2003-01-28,72.83,72.83,72.83,72.83,
2003-01-29,72.97,72.97,72.97,72.97,
2003-01-30,73.13,73.13,73.13,73.13,
2003-01-31,73.36,73.36,73.36,73.36,
2003-02-03,73.46,73.46,73.46,73.46,
2003-02-04,73.46,73.46,73.46,73.46,
2003-02-05,73.2,73.2,73.2,73.2,
2003-02-06,72.48,72.48,72.48,72.48,
2003-02-07,72.48,72.48,72.48,72.48,
2003-02-10,72.58,72.58,72.58,72.58,
2003-02-12,72.64,72.64,72.64,72.64,
2003-02-13,72.58,72.58,72.58,72.58,
2003-02-14,72.44,72.44,72.44,72.44,
2003-02-17,72.36,72.36,72.36,72.36,
2003-02-18,72.36,72.36,72.36,72.36,
2003-02-19,72.42,72.42,72.42,72.42,
2003-02-20,72.65,72.65,72.65,72.65,
2003-02-21,72.54,72.54,72.54,72.54,
2003-02-24,72.68,72.68,72.68,72.68,
2003-02-25,72.64,72.64,72.64,72.64,
2003-02-26,72.81,72.81,72.81,72.81,
2003-02-27,73.24,73.24,73.24,73.24,
2003-02-28,73.24,73.24,73.24,73.24,
2003-03-03,73.24,73.24,73.24,73.24,
2003-03-04,73.24,73.24,73.24,73.24,
2003-03-05,72.72,72.72,72.72,72.72,
2003-03-06,72.66,72.66,72.66,72.66,
2003-03-07,72.7,72.7,72.7,72.7,
2003-03-10,72.6,72.6,72.6,72.6,
2003-03-11,72.6,72.6,72.6,72.6,
2003-03-12,72.19,72.19,72.19,72.19,
2003-03-13,72.21,72.21,72.21,72.21,
2003-03-14,72.21,72.21,72.21,72.21,
2003-03-17,71.87,71.87,71.87,71.87,
2003-03-18,70.98,70.98,70.98,70.98,
2003-03-19,70.5,70.5,70.5,70.5,
2003-03-20,70.64,70.64,70.64,70.64,
2003-03-21,70.46,70.46,70.46,70.46,
2003-03-24,70.38,70.38,70.38,70.38,
2003-03-25,70.06,70.06,70.06,70.06,
2003-03-26,69.41,69.41,69.41,69.41,
2003-03-27,67.35,67.35,67.35,67.35,
2003-03-28,67.34,67.34,67.34,67.34,
2003-03-31,67.33,67.33,67.33,67.33,
2003-04-01,67.67,67.67,67.67,67.67,
2003-04-02,67.81,67.81,67.81,67.81,
2003-04-03,68.1,68.1,68.1,68.1,
2003-04-04,67.97,67.97,67.97,67.97,
2003-04-07,67.97,67.97,67.97,67.97,
2003-04-08,68.22,68.22,68.22,68.22,
2003-04-09,68.39,68.39,68.39,68.39,
2003-04-10,68.81,68.81,68.81,68.81,
2003-04-11,68.72,68.72,68.72,68.72,
2003-04-14,68.09,68.09,68.09,68.09,
2003-04-15,68.09,68.09,68.09,68.09,
2003-04-16,68.1,68.1,68.1,68.1,
2003-04-17,68.11,68.11,68.11,68.11,
2003-04-18,68.29,68.29,68.29,68.29,
2003-04-22,68.25,68.25,68.25,68.25,
2003-04-23,68.32,68.32,68.32,68.32,
2003-04-24,69.05,69.05,69.05,69.05,
2003-04-25,69.03,69.03,69.03,69.03,
2003-04-28,68.69,68.69,68.69,68.69,
2003-04-29,68.75,68.75,68.75,68.75,
2003-04-30,68.72,68.72,68.72,68.72,
2003-05-02,69.35,69.35,69.35,69.35,
2003-05-05,69.26,69.26,69.26,69.26,
2003-05-06,69.37,69.37,69.37,69.37,
2003-05-07,68.82,68.82,68.82,68.82,
2003-05-08,69.33,69.33,69.33,69.33,
2003-05-09,69.33,69.33,69.33,69.33,
2003-05-12,69.6,69.6,69.6,69.6,
2003-05-14,69.49,69.49,69.49,69.49,
2003-05-15,69.32,69.32,69.32,69.32,
2003-05-16,69.07,69.07,69.07,69.07,
2003-05-19,69.15,69.15,69.15,69.15,
2003-05-20,69.33,69.33,69.33,69.33,
2003-05-21,69.47,69.47,69.47,69.47,
2003-05-22,69.5,69.5,69.5,69.5,
2003-05-23,69.42,69.42,69.42,69.42,
2003-05-26,68.97,68.97,68.97,68.97,
2003-05-27,68.96,68.96,68.96,68.96,
2003-05-28,68.82,68.82,68.82,68.82,
2003-05-30,68.86,68.86,68.86,68.86,
2003-06-02,68.91,68.91,68.91,68.91,
2003-06-03,68.94,68.94,68.94,68.94,
2003-06-04,68.95,68.95,68.95,68.95,
2003-06-05,68.86,68.86,68.86,68.86,
2003-06-06,68.34,68.34,68.34,68.34,
2003-06-10,68.71,68.71,68.71,68.71,
2003-06-11,68.77,68.77,68.77,68.77,
2003-06-12,68.77,68.77,68.77,68.77,
2003-06-13,68.82,68.82,68.82,68.82,
2003-06-16,68.87,68.87,68.87,68.87,
2003-06-17,68.96,68.96,68.96,68.96,
2003-06-18,69.21,69.21,69.21,69.21,
2003-06-19,68.69,68.69,68.69,68.69,
2003-06-20,68.22,68.22,68.22,68.22,
2003-06-23,68.2,68.2,68.2,68.2,
2003-06-24,67.94,67.94,67.94,67.94,
2003-06-25,67.94,67.94,67.94,67.94,
2003-06-26,67.79,67.79,67.79,67.79,
2003-06-27,67.82,67.82,67.82,67.82,
2003-06-30,67.75,67.75,67.75,67.75,
2003-07-01,68.0,68.0,68.0,68.0,
2003-07-02,67.93,67.93,67.93,67.93,
2003-07-03,67.03,67.03,67.03,67.03,
2003-07-04,66.37,66.37,66.37,66.37,
2003-07-07,66.48,66.48,66.48,66.48,
2003-07-08,65.81,65.81,65.81,65.81,
2003-07-09,65.63,65.63,65.63,65.63,
2003-07-10,65.39,65.39,65.39,65.39,
2003-07-11,65.41,65.41,65.41,65.41,
2003-07-14,64.95,64.95,64.95,64.95,
2003-07-15,64.94,64.94,64.94,64.94,
2003-07-16,64.93,64.93,64.93,64.93,
2003-07-17,65.43,65.43,65.43,65.43,
2003-07-18,65.38,65.38,65.38,65.38,
2003-07-21,65.83,65.83,65.83,65.83,
2003-07-22,65.45,65.45,65.45,65.45,
2003-07-23,65.45,65.45,65.45,65.45,
2003-07-24,65.79,65.79,65.79,65.79,
2003-07-25,65.64,65.64,65.64,65.64,
2003-07-28,65.51,65.51,65.51,65.51,
2003-07-29,65.55,65.55,65.55,65.55,
2003-07-30,65.86,65.86,65.86,65.86,
2003-07-31,66.12,66.12,66.12,66.12,
2003-08-01,65.85,65.85,65.85,65.85,
2003-08-04,65.86,65.86,65.86,65.86,
2003-08-05,65.56,65.56,65.56,65.56,
2003-08-06,65.4,65.4,65.4,65.4,
2003-08-08,65.65,65.65,65.65,65.65,
2003-08-11,65.29,65.29,65.29,65.29,
2003-08-12,65.22,65.22,65.22,65.22,
2003-08-13,65.31,65.31,65.31,65.31,
2003-08-14,65.2,65.2,65.2,65.2,
2003-08-18,65.17,65.17,65.17,65.17,
2003-08-19,65.18,65.18,65.18,65.18,
2003-08-20,65.44,65.44,65.44,65.44,
2003-08-21,65.67,65.67,65.67,65.67,
2003-08-22,65.32,65.32,65.32,65.32,
2003-08-25,65.24,65.24,65.24,65.24,
2003-08-26,65.64,65.64,65.64,65.64,
2003-08-27,65.57,65.57,65.57,65.57,
2003-08-28,65.57,65.57,65.57,65.57,
2003-08-29,65.19,65.19,65.19,65.19,
2003-09-01,65.11,65.11,65.11,65.11,
2003-09-02,64.97,64.97,64.97,64.97,
2003-09-03,65.08,65.08,65.08,65.08,
2003-09-04,65.1,65.1,65.1,65.1,
2003-09-05,65.0,65.0,65.0,65.0,
2003-09-08,65.01,65.01,65.01,65.01,
2003-09-09,65.7,65.7,65.7,65.7,
2003-09-10,65.79,65.79,65.79,65.79,
2003-09-11,66.07,66.07,66.07,66.07,
2003-09-12,66.22,66.22,66.22,66.22,
2003-09-15,66.23,66.23,66.23,66.23,
2003-09-16,66.22,66.22,66.22,66.22,
2003-09-17,66.2,66.2,66.2,66.2,
2003-09-18,66.5,66.5,66.5,66.5,
2003-09-19,66.59,66.59,66.59,66.59,
2003-09-22,66.68,66.68,66.68,66.68,
2003-09-23,66.69,66.69,66.69,66.69,
2003-09-24,66.49,66.49,66.49,66.49,
2003-09-25,66.7,66.7,66.7,66.7,
2003-09-26,66.9,66.9,66.9,66.9,
2003-09-29,67.19,67.19,67.19,67.19,
2003-09-30,67.4,67.4,67.4,67.4,
2003-10-01,66.91,66.91,66.91,66.91,
2003-10-02,66.9,66.9,66.9,66.9,
2003-10-03,66.98,66.98,66.98,66.98,
2003-10-06,67.43,67.43,67.43,67.43,
2003-10-07,67.49,67.49,67.49,67.49,
2003-10-08,67.32,67.32,67.32,67.32,
2003-10-09,67.31,67.31,67.31,67.31,
2003-10-10,67.33,67.33,67.33,67.33,
2003-10-13,67.11,67.11,67.11,67.11,
2003-10-14,67.1,67.1,67.1,67.1,
2003-10-15,67.05,67.05,67.05,67.05,
2003-10-16,67.29,67.29,67.29,67.29,
2003-10-17,67.3,67.3,67.3,67.3,
2003-10-20,67.13,67.13,67.13,67.13,
2003-10-21,66.69,66.69,66.69,66.69,
2003-10-22,66.9,66.9,66.9,66.9,
2003-10-23,67.23,67.23,67.23,67.23,
2003-10-24,66.83,66.83,66.83,66.83,
2003-10-27,67.15,67.15,67.15,67.15,
2003-10-28,67.15,67.15,67.15,67.15,
2003-10-29,67.36,67.36,67.36,67.36,
2003-10-30,67.92,67.92,67.92,67.92,
2003-10-31,67.94,67.94,67.94,67.94,
2003-11-03,68.05,68.05,68.05,68.05,
2003-11-04,68.04,68.04,68.04,68.04,
2003-11-05,67.91,67.91,67.91,67.91,
2003-11-06,67.96,67.96,67.96,67.96,
2003-11-07,67.92,67.92,67.92,67.92,
2003-11-10,67.92,67.92,67.92,67.92,
2003-11-11,67.96,67.96,67.96,67.96,
2003-11-12,67.79,67.79,67.79,67.79,
2003-11-13,67.8,67.8,67.8,67.8,
2003-11-14,67.83,67.83,67.83,67.83,
2003-11-17,67.83,67.83,67.83,67.83,
2003-11-18,67.78,67.78,67.78,67.78,
2003-11-19,67.72,67.72,67.72,67.72,
2003-11-20,67.85,67.85,67.85,67.85,
2003-11-21,67.29,67.29,67.29,67.29,
2003-11-24,67.34,67.34,67.34,67.34,
2003-11-26,68.02,68.02,68.02,68.02,
2003-11-27,68.03,68.03,68.03,68.03,
2003-11-28,68.0,68.0,68.0,68.0,
2003-12-01,68.01,68.01,68.01,68.01,
2003-12-02,67.9,67.9,67.9,67.9,
2003-12-03,67.84,67.84,67.84,67.84,
2003-12-04,67.82,67.82,67.82,67.82,
2003-12-05,67.79,67.79,67.79,67.79,
2003-12-08,68.01,68.01,68.01,68.01,
2003-12-09,68.15,68.15,68.15,68.15,
2003-12-10,68.55,68.55,68.55,68.55,
2003-12-11,68.69,68.69,68.69,68.69,
2003-12-12,68.88,68.88,68.88,68.88,
2003-12-15,68.88,68.88,68.88,68.88,
2003-12-16,68.97,68.97,68.97,68.97,
2003-12-17,69.94,69.94,69.94,69.94,
2003-12-18,71.73,71.73,71.73,71.73,
2003-12-19,73.41,73.41,73.41,73.41,
2003-12-22,73.57,73.57,73.57,73.57,
2003-12-23,74.79,74.79,74.79,74.79,
2003-12-24,74.34,74.34,74.34,74.34,
2003-12-26,74.84,74.84,74.84,74.84,
2003-12-29,74.43,74.43,74.43,74.43,
2003-12-30,74.43,74.43,74.43,74.43,
2003-12-31,76.53,76.53,76.53,76.53,
2004-01-02,76.97,76.97,76.97,76.97,
2004-01-05,76.09,76.09,76.09,76.09,
2004-01-06,75.19,75.19,75.19,75.19,
2004-01-07,75.07,75.07,75.07,75.07,
2004-01-08,74.79,74.79,74.79,74.79,
2004-01-09,74.83,74.83,74.83,74.83,
2004-01-12,75.46,75.46,75.46,75.46,
2004-01-13,75.66,75.66,75.66,75.66,
2004-01-14,75.02,75.02,75.02,75.02,
2004-01-15,74.37,74.37,74.37,74.37,
2004-01-16,73.93,73.93,73.93,73.93,
2004-01-19,73.67,73.67,73.67,73.67,
2004-01-20,73.64,73.64,73.64,73.64,
2004-01-21,73.62,73.62,73.62,73.62,
2004-01-22,74.55,74.55,74.55,74.55,
2004-01-23,74.58,74.58,74.58,74.58,
2004-01-26,74.48,74.48,74.48,74.48,
2004-01-27,73.79,73.79,73.79,73.79,
2004-01-28,73.42,73.42,73.42,73.42,
2004-01-29,73.66,73.66,73.66,73.66,
2004-01-30,73.49,73.49,73.49,73.49,
2004-02-02,73.48,73.48,73.48,73.48,
2004-02-03,73.53,73.53,73.53,73.53,
2004-02-04,74.25,74.25,74.25,74.25,
2004-02-05,74.39,74.39,74.39,74.39,
2004-02-06,74.4,74.4,74.4,74.4,
2004-02-09,74.3,74.3,74.3,74.3,
2004-02-10,74.23,74.23,74.23,74.23,
2004-02-11,74.47,74.47,74.47,74.47,
2004-02-12,74.12,74.12,74.12,74.12,
2004-02-13,74.04,74.04,74.04,74.04,
2004-02-16,74.06,74.06,74.06,74.06,
2004-02-17,73.58,73.58,73.58,73.58,
2004-02-18,73.58,73.58,73.58,73.58,
2004-02-19,74.48,74.48,74.48,74.48,
2004-02-20,74.48,74.48,74.48,74.48,
2004-02-23,74.51,74.51,74.51,74.51,
2004-02-24,74.38,74.38,74.38,74.38,
2004-02-25,74.95,74.95,74.95,74.95,
2004-02-26,75.11,75.11,75.11,75.11,
2004-02-27,75.11,75.11,75.11,75.11,
2004-03-01,74.98,74.98,74.98,74.98,
2004-03-02,75.4,75.4,75.4,75.4,
2004-03-03,75.4,75.4,75.4,75.4,
2004-03-04,75.3,75.3,75.3,75.3,
2004-03-05,75.3,75.3,75.3,75.3,
2004-03-08,75.27,75.27,75.27,75.27,
2004-03-09,75.36,75.36,75.36,75.36,
2004-03-10,75.36,75.36,75.36,75.36,
2004-03-11,75.41,75.41,75.41,75.41,
2004-03-12,75.42,75.42,75.42,75.42,
2004-03-15,75.43,75.43,75.43,75.43,
2004-03-16,75.43,75.43,75.43,75.43,
2004-03-17,75.43,75.43,75.43,75.43,
2004-03-18,75.4,75.4,75.4,75.4,
2004-03-19,75.6,75.6,75.6,75.6,
2004-03-22,75.98,75.98,75.98,75.98,
2004-03-23,76.38,76.38,76.38,76.38,
2004-03-24,76.63,76.63,76.63,76.63,
2004-03-26,76.74,76.74,76.74,76.74,
2004-03-29,76.74,76.74,76.74,76.74,
2004-03-30,76.99,76.99,76.99,76.99,
2004-03-31,76.76,76.76,76.76,76.76,
2004-04-01,76.84,76.84,76.84,76.84,
2004-04-02,76.83,76.83,76.83,76.83,
2004-04-05,77.04,77.04,77.04,77.04,
2004-04-06,77.02,77.02,77.02,77.02,
2004-04-07,77.04,77.04,77.04,77.04,
2004-04-08,77.05,77.05,77.05,77.05,
2004-04-09,77.27,77.27,77.27,77.27,
2004-04-13,77.24,77.24,77.24,77.24,
2004-04-14,77.24,77.24,77.24,77.24,
2004-04-15,79.01,79.01,79.01,79.01,
2004-04-16,79.53,79.53,79.53,79.53,
2004-04-19,79.39,79.39,79.39,79.39,
2004-04-20,78.77,78.77,78.77,78.77,
2004-04-21,78.89,78.89,78.89,78.89,
2004-04-22,78.87,78.87,78.87,78.87,
2004-04-23,78.73,78.73,78.73,78.73,
2004-04-26,78.6,78.6,78.6,78.6,
2004-04-27,78.46,78.46,78.46,78.46,
2004-04-28,78.47,78.47,78.47,78.47,
2004-04-29,78.5,78.5,78.5,78.5,
2004-04-30,78.55,78.55,78.55,78.55,
2004-05-03,78.65,78.65,78.65,78.65,
2004-05-04,78.71,78.71,78.71,78.71,
2004-05-05,78.77,78.77,78.77,78.77,
2004-05-06,78.8,78.8,78.8,78.8,
2004-05-07,78.82,78.82,78.82,78.82,
2004-05-10,78.82,78.82,78.82,78.82,
2004-05-11,78.83,78.83,78.83,78.83,
2004-05-12,78.85,78.85,78.85,78.85,
2004-05-13,78.87,78.87,78.87,78.87,
2004-05-14,78.86,78.86,78.86,78.86,
2004-05-17,78.72,78.72,78.72,78.72,
2004-05-18,78.89,78.89,78.89,78.89,
2004-05-19,78.89,78.89,78.89,78.89,
2004-05-21,79.0,79.0,79.0,79.0,
2004-05-24,79.0,79.0,79.0,79.0,
2004-05-25,79.0,79.0,79.0,79.0,
2004-05-26,79.0,79.0,79.0,79.0,
2004-05-27,78.87,78.87,78.87,78.87,
2004-05-28,78.87,78.87,78.87,78.87,
2004-06-01,79.22,79.22,79.22,79.22,
2004-06-02,79.31,79.31,79.31,79.31,
2004-06-03,79.31,79.31,79.31,79.31,
2004-06-04,79.25,79.25,79.25,79.25,
2004-06-07,79.26,79.26,79.26,79.26,
2004-06-08,79.32,79.32,79.32,79.32,
2004-06-09,79.22,79.22,79.22,79.22,
2004-06-10,79.44,79.44,79.44,79.44,
2004-06-11,79.66,79.66,79.66,79.66,
2004-06-14,79.43,79.43,79.43,79.43,
2004-06-15,79.03,79.03,79.03,79.03,
2004-06-16,78.88,78.88,78.88,78.88,
2004-06-17,78.73,78.73,78.73,78.73,
2004-06-18,78.62,78.62,78.62,78.62,
2004-06-21,79.46,79.46,79.46,79.46,
2004-06-22,79.46,79.46,79.46,79.46,
2004-06-23,79.42,79.42,79.42,79.42,
2004-06-24,79.62,79.62,79.62,79.62,
2004-06-25,80.49,80.49,80.49,80.49,
2004-06-28,80.62,80.62,80.62,80.62,
2004-06-29,82.74,82.74,82.74,82.74,
2004-06-30,83.06,83.06,83.06,83.06,
2004-07-01,82.96,82.96,82.96,82.96,
2004-07-02,79.47,79.47,79.47,79.47,
2004-07-05,79.49,79.49,79.49,79.49,
2004-07-06,79.29,79.29,79.29,79.29,
2004-07-07,79.5,79.5,79.5,79.5,
2004-07-08,79.15,79.15,79.15,79.15,
2004-07-09,79.05,79.05,79.05,79.05,
2004-07-12,78.92,78.92,78.92,78.92,
2004-07-13,78.97,78.97,78.97,78.97,
2004-07-14,79.15,79.15,79.15,79.15,
2004-07-15,79.07,79.07,79.07,79.07,
2004-07-16,78.89,78.89,78.89,78.89,
2004-07-19,78.71,78.71,78.71,78.71,
2004-07-20,79.02,79.02,79.02,79.02,
2004-07-21,79.02,79.02,79.02,79.02,
2004-07-22,78.78,78.78,78.78,78.78,
2004-07-23,78.77,78.77,78.77,78.77,
2004-07-26,78.78,78.78,78.78,78.78,
2004-07-27,78.79,78.79,78.79,78.79,
2004-07-28,78.8,78.8,78.8,78.8,
2004-07-29,78.78,78.78,78.78,78.78,
2004-07-30,78.8,78.8,78.8,78.8,
2004-08-02,78.8,78.8,78.8,78.8,
2004-08-03,78.67,78.67,78.67,78.67,
2004-08-04,78.7,78.7,78.7,78.7,
2004-08-05,78.69,78.69,78.69,78.69,
2004-08-06,78.67,78.67,78.67,78.67,
2004-08-09,78.75,78.75,78.75,78.75,
2004-08-10,78.73,78.73,78.73,78.73,
2004-08-11,78.73,78.73,78.73,78.73,
2004-08-12,78.73,78.73,78.73,78.73,
2004-08-13,78.95,78.95,78.95,78.95,
2004-08-16,78.93,78.93,78.93,78.93,
2004-08-17,78.69,78.69,78.69,78.69,
2004-08-18,79.03,79.03,79.03,79.03,
2004-08-19,78.78,78.78,78.78,78.78,
2004-08-20,78.65,78.65,78.65,78.65,
2004-08-23,78.73,78.73,78.73,78.73,
2004-08-24,79.11,79.11,79.11,79.11,
2004-08-25,79.11,79.11,79.11,79.11,
2004-08-26,79.12,79.12,79.12,79.12,
2004-08-27,78.98,78.98,78.98,78.98,
2004-08-30,78.95,78.95,78.95,78.95,
2004-08-31,78.96,78.96,78.96,78.96,
2004-09-01,78.96,78.96,78.96,78.96,
2004-09-02,78.96,78.96,78.96,78.96,
2004-09-03,78.4,78.4,78.4,78.4,
2004-09-06,79.14,79.14,79.14,79.14,
2004-09-07,79.09,79.09,79.09,79.09,
2004-09-08,79.23,79.23,79.23,79.23,
2004-09-09,78.94,78.94,78.94,78.94,
2004-09-10,78.95,78.95,78.95,78.95,
2004-09-13,78.58,78.58,78.58,78.58,
2004-09-14,78.2,78.2,78.2,78.2,
2004-09-15,77.92,77.92,77.92,77.92,
2004-09-16,77.5,77.5,77.5,77.5,
2004-09-17,77.14,77.14,77.14,77.14,
2004-09-20,76.94,76.94,76.94,76.94,
2004-09-21,76.85,76.85,76.85,76.85,
2004-09-22,76.78,76.78,76.78,76.78,
2004-09-23,76.81,76.81,76.81,76.81,
2004-09-24,76.82,76.82,76.82,76.82,
2004-09-27,76.64,76.64,76.64,76.64,
2004-09-28,76.76,76.76,76.76,76.76,
2004-09-29,76.91,76.91,76.91,76.91,
2004-09-30,77.06,77.06,77.06,77.06,
2004-10-01,77.28,77.28,77.28,77.28,
2004-10-04,77.06,77.06,77.06,77.06,
2004-10-05,76.85,76.85,76.85,76.85,
2004-10-06,76.64,76.64,76.64,76.64,
2004-10-07,76.63,76.63,76.63,76.63,
2004-10-08,76.64,76.64,76.64,76.64,
2004-10-11,76.84,76.84,76.84,76.84,
2004-10-12,76.79,76.79,76.79,76.79,
2004-10-13,76.84,76.84,76.84,76.84,
2004-10-14,77.08,77.08,77.08,77.08,
2004-10-15,77.19,77.19,77.19,77.19,
2004-10-18,77.13,77.13,77.13,77.13,
2004-10-19,76.98,76.98,76.98,76.98,
2004-10-20,77.12,77.12,77.12,77.12,
2004-10-21,77.38,77.38,77.38,77.38,
2004-10-22,77.31,77.31,77.31,77.31,
2004-10-25,77.49,77.49,77.49,77.49,
2004-10-26,77.6,77.6,77.6,77.6,
2004-10-27,77.68,77.68,77.68,77.68,
2004-10-28,77.51,77.51,77.51,77.51,
2004-10-29,79.73,79.73,79.73,79.73,
2004-11-02,77.76,77.76,77.76,77.76,
2004-11-03,78.07,78.07,78.07,78.07,
2004-11-04,77.85,77.85,77.85,77.85,
2004-11-05,77.82,77.82,77.82,77.82,
2004-11-08,77.83,77.83,77.83,77.83,
2004-11-09,77.83,77.83,77.83,77.83,
2004-11-11,77.83,77.83,77.83,77.83,
2004-11-12,77.79,77.79,77.79,77.79,
2004-11-16,78.3,78.3,78.3,78.3,
2004-11-17,79.86,79.86,79.86,79.86,
2004-11-18,79.96,79.96,79.96,79.96,
2004-11-19,80.04,80.04,80.04,80.04,
2004-11-22,80.13,80.13,80.13,80.13,
2004-11-23,80.14,80.14,80.14,80.14,
2004-11-24,79.96,79.96,79.96,79.96,
2004-11-25,79.97,79.97,79.97,79.97,
2004-11-26,79.91,79.91,79.91,79.91,
2004-11-29,80.01,80.01,80.01,80.01,
2004-11-30,80.81,80.81,80.81,80.81,
2004-12-01,80.59,80.59,80.59,80.59,
2004-12-02,80.63,80.63,80.63,80.63,
2004-12-03,80.63,80.63,80.63,80.63,
2004-12-06,81.11,81.11,81.11,81.11,
2004-12-07,81.12,81.12,81.12,81.12,
2004-12-08,80.89,80.89,80.89,80.89,
2004-12-09,81.97,81.97,81.97,81.97,
2004-12-10,83.17,83.17,83.17,83.17,
2004-12-13,83.68,83.68,83.68,83.68,
2004-12-14,84.45,84.45,84.45,84.45,
2004-12-15,84.43,84.43,84.43,84.43,
2004-12-16,84.92,84.92,84.92,84.92,
2004-12-17,85.2,85.2,85.2,85.2,
2004-12-20,85.73,85.73,85.73,85.73,
2004-12-21,86.09,86.09,86.09,86.09,
2004-12-22,86.96,86.96,86.96,86.96,
2004-12-23,87.02,87.02,87.02,87.02,
2004-12-24,87.13,87.13,87.13,87.13,
2004-12-27,87.11,87.11,87.11,87.11,
2004-12-28,87.13,87.13,87.13,87.13,
2004-12-29,87.1,87.1,87.1,87.1,
2004-12-30,87.25,87.25,87.25,87.25,
2004-12-31,87.61,87.61,87.61,87.61,
2005-01-03,87.61,87.61,87.61,87.61,
2005-01-04,87.5,87.5,87.5,87.5,
2005-01-05,87.52,87.52,87.52,87.52,
2005-01-06,87.57,87.57,87.57,87.57,
2005-01-07,86.36,86.36,86.36,86.36,
2005-01-10,86.27,86.27,86.27,86.27,
2005-01-11,85.91,85.91,85.91,85.91,
2005-01-12,85.92,85.92,85.92,85.92,
2005-01-13,85.83,85.83,85.83,85.83,
2005-01-14,85.91,85.91,85.91,85.91,
2005-01-17,85.92,85.92,85.92,85.92,
2005-01-18,85.59,85.59,85.59,85.59,
2005-01-19,85.6,85.6,85.6,85.6,
2005-01-21,85.61,85.61,85.61,85.61,
2005-01-24,86.14,86.14,86.14,86.14,
2005-01-25,85.64,85.64,85.64,85.64,
2005-01-26,85.39,85.39,85.39,85.39,
2005-01-27,84.44,84.44,84.44,84.44,
2005-01-28,83.96,83.96,83.96,83.96,
2005-01-31,83.88,83.88,83.88,83.88,
2005-02-01,84.13,84.13,84.13,84.13,
2005-02-02,84.17,84.17,84.17,84.17,
2005-02-03,84.37,84.37,84.37,84.37,
2005-02-04,84.09,84.09,84.09,84.09,
2005-02-07,84.53,84.53,84.53,84.53,
2005-02-08,84.62,84.62,84.62,84.62,
2005-02-09,84.62,84.62,84.62,84.62,
2005-02-10,84.09,84.09,84.09,84.09,
2005-02-11,83.79,83.79,83.79,83.79,
2005-02-14,83.74,83.74,83.74,83.74,
2005-02-15,83.68,83.68,83.68,83.68,
2005-02-16,83.83,83.83,83.83,83.83,
2005-02-17,84.36,84.36,84.36,84.36,
2005-02-18,84.31,84.31,84.31,84.31,
2005-02-21,84.55,84.55,84.55,84.55,
2005-02-22,84.46,84.46,84.46,84.46,
2005-02-23,84.55,84.55,84.55,84.55,
2005-02-24,84.63,84.63,84.63,84.63,
2005-02-25,84.69,84.69,84.69,84.69,
2005-02-28,84.82,84.82,84.82,84.82,
2005-03-01,84.87,84.87,84.87,84.87,
2005-03-02,86.09,86.09,86.09,86.09,
2005-03-03,86.2,86.2,86.2,86.2,
2005-03-04,86.06,86.06,86.06,86.06,
2005-03-07,86.09,86.09,86.09,86.09,
2005-03-08,85.75,85.75,85.75,85.75,
2005-03-09,85.14,85.14,85.14,85.14,
2005-03-10,85.17,85.17,85.17,85.17,
2005-03-11,85.47,85.47,85.47,85.47,
2005-03-14,85.62,85.62,85.62,85.62,
2005-03-15,85.75,85.75,85.75,85.75,
2005-03-16,85.93,85.93,85.93,85.93,
2005-03-17,86.27,86.27,86.27,86.27,
2005-03-18,86.42,86.42,86.42,86.42,
2005-03-21,86.4,86.4,86.4,86.4,
2005-03-22,86.8,86.8,86.8,86.8,
2005-03-23,86.85,86.85,86.85,86.85,
2005-03-24,87.0,87.0,87.0,87.0,
2005-03-25,86.8,86.8,86.8,86.8,
2005-03-29,86.69,86.69,86.69,86.69,
2005-03-30,86.8,86.8,86.8,86.8,
2005-03-31,87.16,87.16,87.16,87.16,
2005-04-01,87.09,87.09,87.09,87.09,
2005-04-04,87.09,87.09,87.09,87.09,
2005-04-05,87.1,87.1,87.1,87.1,
2005-04-06,87.08,87.08,87.08,87.08,
2005-04-07,86.78,86.78,86.78,86.78,
2005-04-08,86.65,86.65,86.65,86.65,
2005-04-11,86.64,86.64,86.64,86.64,
2005-04-12,86.54,86.54,86.54,86.54,
2005-04-13,86.94,86.94,86.94,86.94,
2005-04-14,87.0,87.0,87.0,87.0,
2005-04-15,87.12,87.12,87.12,87.12,
2005-04-18,86.97,86.97,86.97,86.97,
2005-04-19,87.41,87.41,87.41,87.41,
2005-04-20,87.43,87.43,87.43,87.43,
2005-04-22,87.91,87.91,87.91,87.91,
2005-04-25,88.38,88.38,88.38,88.38,
2005-04-26,88.34,88.34,88.34,88.34,
2005-04-27,88.8,88.8,88.8,88.8,
2005-04-28,89.23,89.23,89.23,89.23,
2005-04-29,89.57,89.57,89.57,89.57,
2005-05-03,89.63,89.63,89.63,89.63,
2005-05-04,89.28,89.28,89.28,89.28,
2005-05-06,89.65,89.65,89.65,89.65,
2005-05-09,91.21,91.21,91.21,91.21,
2005-05-10,91.44,91.44,91.44,91.44,
2005-05-11,92.22,92.22,92.22,92.22,
2005-05-12,93.54,93.54,93.54,93.54,
2005-05-13,93.72,93.72,93.72,93.72,
2005-05-17,94.5,94.5,94.5,94.5,
2005-05-18,95.93,95.93,95.93,95.93,
2005-05-19,97.32,97.32,97.32,97.32,
2005-05-20,97.54,97.54,97.54,97.54,
2005-05-23,97.48,97.48,97.48,97.48,
2005-05-24,97.41,97.41,97.41,97.41,
2005-05-25,100.83,100.83,100.83,100.83,
2005-05-26,102.03,102.03,102.03,102.03,
2005-05-27,102.75,102.75,102.75,102.75,
2005-05-30,102.64,102.64,102.64,102.64,
2005-05-31,102.88,102.88,102.88,102.88,
2005-06-01,103.0,103.0,103.0,103.0,
2005-06-02,102.81,102.81,102.81,102.81,
2005-06-03,102.84,102.84,102.84,102.84,
2005-06-06,102.71,102.71,102.71,102.71,
2005-06-07,102.45,102.45,102.45,102.45,
2005-06-08,102.41,102.41,102.41,102.41,
2005-06-09,102.26,102.26,102.26,102.26,
2005-06-10,102.01,102.01,102.01,102.01,
2005-06-13,101.98,101.98,101.98,101.98,
2005-06-14,101.98,101.98,101.98,101.98,
2005-06-15,101.77,101.77,101.77,101.77,
2005-06-16,101.77,101.77,101.77,101.77,
2005-06-17,101.71,101.71,101.71,101.71,
2005-06-20,101.86,101.86,101.86,101.86,
2005-06-21,101.23,101.23,101.23,101.23,
2005-06-22,101.07,101.07,101.07,101.07,
2005-06-23,101.07,101.07,101.07,101.07,
2005-06-24,101.08,101.08,101.08,101.08,
2005-06-27,101.09,101.09,101.09,101.09,
2005-06-28,101.07,101.07,101.07,101.07,
2005-06-29,100.52,100.52,100.52,100.52,
2005-06-30,100.73,100.73,100.73,100.73,
2005-07-01,96.5,96.5,96.5,96.5,
2005-07-04,96.53,96.53,96.53,96.53,
2005-07-05,96.38,96.38,96.38,96.38,
2005-07-06,96.38,96.38,96.38,96.38,
2005-07-07,96.38,96.38,96.38,96.38,
2005-07-08,95.44,95.44,95.44,95.44,
2005-07-11,95.92,95.92,95.92,95.92,
2005-07-12,96.01,96.01,96.01,96.01,
2005-07-13,96.01,96.01,96.01,96.01,
2005-07-14,95.83,95.83,95.83,95.83,
2005-07-15,95.83,95.83,95.83,95.83,
2005-07-18,95.61,95.61,95.61,95.61,
2005-07-19,95.61,95.61,95.61,95.61,
2005-07-20,95.37,95.37,95.37,95.37,
2005-07-21,95.41,95.41,95.41,95.41,
2005-07-22,95.41,95.41,95.41,95.41,
2005-07-25,95.42,95.42,95.42,95.42,
2005-07-26,95.36,95.36,95.36,95.36,
2005-07-27,95.38,95.38,95.38,95.38,
2005-07-28,95.12,95.12,95.12,95.12,
2005-07-29,95.05,95.05,95.05,95.05,
2005-08-01,94.96,94.96,94.96,94.96,
2005-08-02,94.87,94.87,94.87,94.87,
2005-08-03,94.69,94.69,94.69,94.69,
2005-08-04,94.45,94.45,94.45,94.45,
2005-08-05,94.47,94.47,94.47,94.47,
2005-08-09,94.49,94.49,94.49,94.49,
2005-08-10,94.36,94.36,94.36,94.36,
2005-08-11,94.48,94.48,94.48,94.48,
2005-08-12,94.43,94.43,94.43,94.43,
2005-08-16,94.51,94.51,94.51,94.51,
2005-08-17,94.37,94.37,94.37,94.37,
2005-08-18,94.93,94.93,94.93,94.93,
2005-08-19,93.8,93.8,93.8,93.8,
2005-08-22,93.87,93.87,93.87,93.87,
2005-08-23,93.91,93.91,93.91,93.91,
2005-08-24,94.07,94.07,94.07,94.07,
2005-08-25,93.97,93.97,93.97,93.97,
2005-08-26,94.01,94.01,94.01,94.01,
2005-08-29,94.2,94.2,94.2,94.2,
2005-08-30,94.0,94.0,94.0,94.0,
2005-08-31,94.0,94.0,94.0,94.0,
2005-09-01,93.62,93.62,93.62,93.62,
2005-09-02,93.87,93.87,93.87,93.87,
2005-09-05,93.87,93.87,93.87,93.87,
2005-09-06,94.36,94.36,94.36,94.36,
2005-09-07,94.41,94.41,94.41,94.41,
2005-09-08,94.49,94.49,94.49,94.49,
2005-09-09,96.27,96.27,96.27,96.27,
2005-09-12,94.49,94.49,94.49,94.49,
2005-09-13,94.5,94.5,94.5,94.5,
2005-09-14,94.51,94.51,94.51,94.51,
2005-09-15,94.48,94.48,94.48,94.48,
2005-09-16,94.41,94.41,94.41,94.41,
2005-09-19,94.41,94.41,94.41,94.41,
2005-09-20,94.66,94.66,94.66,94.66,
2005-09-21,94.65,94.65,94.65,94.65,
2005-09-22,94.37,94.37,94.37,94.37,
2005-09-23,94.07,94.07,94.07,94.07,
2005-09-26,93.91,93.91,93.91,93.91,
2005-09-27,93.79,93.79,93.79,93.79,
2005-09-28,93.82,93.82,93.82,93.82,
2005-09-29,95.41,95.41,95.41,95.41,
2005-09-30,95.62,95.62,95.62,95.62,
2005-10-03,95.64,95.64,95.64,95.64,
2005-10-04,95.85,95.85,95.85,95.85,
2005-10-05,95.69,95.69,95.69,95.69,
2005-10-06,95.68,95.68,95.68,95.68,
2005-10-07,95.33,95.33,95.33,95.33,
2005-10-10,95.72,95.72,95.72,95.72,
2005-10-11,97.37,97.37,97.37,97.37,
2005-10-12,98.24,98.24,98.24,98.24,
2005-10-13,98.22,98.22,98.22,98.22,
2005-10-14,98.21,98.21,98.21,98.21,
2005-10-17,98.44,98.44,98.44,98.44,
2005-10-18,97.95,97.95,97.95,97.95,
2005-10-19,97.82,97.82,97.82,97.82,
2005-10-20,98.07,98.07,98.07,98.07,
2005-10-21,98.07,98.07,98.07,98.07,
2005-10-24,98.06,98.06,98.06,98.06,
2005-10-25,98.21,98.21,98.21,98.21,
2005-10-26,98.84,98.84,98.84,98.84,
2005-10-27,98.84,98.84,98.84,98.84,
2005-10-28,99.34,99.34,99.34,99.34,
2005-10-31,100.22,100.22,100.22,100.22,
2005-11-02,101.5,101.5,101.5,101.5,
2005-11-04,101.48,101.48,101.48,101.48,
2005-11-07,101.07,101.07,101.07,101.07,
2005-11-08,101.07,101.07,101.07,101.07,
2005-11-09,101.06,101.06,101.06,101.06,
2005-11-10,101.06,101.06,101.06,101.06,
2005-11-11,101.06,101.06,101.06,101.06,
2005-11-14,101.48,101.48,101.48,101.48,
2005-11-16,101.67,101.67,101.67,101.67,
2005-11-17,102.18,102.18,102.18,102.18,
2005-11-18,102.3,102.3,102.3,102.3,
2005-11-21,102.16,102.16,102.16,102.16,
2005-11-22,102.56,102.56,102.56,102.56,
2005-11-23,102.57,102.57,102.57,102.57,
2005-11-24,102.62,102.62,102.62,102.62,
2005-11-25,102.6,102.6,102.6,102.6,
2005-11-28,102.48,102.48,102.48,102.48,
2005-11-29,102.62,102.62,102.62,102.62,
2005-11-30,102.74,102.74,102.74,102.74,
2005-12-01,103.59,103.59,103.59,103.59,
2005-12-02,103.52,103.52,103.52,103.52,
2005-12-05,103.54,103.54,103.54,103.54,
2005-12-06,104.28,104.28,104.28,104.28,
2005-12-07,104.42,104.42,104.42,104.42,
2005-12-08,104.43,104.43,104.43,104.43,
2005-12-09,104.88,104.88,104.88,104.88,
2005-12-12,104.76,104.76,104.76,104.76,
2005-12-13,105.11,105.11,105.11,105.11,
2005-12-14,105.28,105.28,105.28,105.28,
2005-12-15,105.14,105.14,105.14,105.14,
2005-12-16,106.03,106.03,106.03,106.03,
2005-12-19,106.19,106.19,106.19,106.19,
2005-12-20,106.14,106.14,106.14,106.14,
2005-12-21,106.44,106.44,106.44,106.44,
2005-12-22,107.12,107.12,107.12,107.12,
2005-12-23,108.05,108.05,108.05,108.05,
2005-12-26,109.38,109.38,109.38,109.38,
2005-12-27,110.99,110.99,110.99,110.99,
2005-12-28,112.02,112.02,112.02,112.02,
2005-12-29,112.43,112.43,112.43,112.43,
2005-12-30,112.68,112.68,112.68,112.68,
2006-01-02,112.68,112.68,112.68,112.68,
2006-01-03,114.14,114.14,114.14,114.14,
2006-01-04,114.61,114.61,114.61,114.61,
2006-01-05,118.82,118.82,118.82,118.82,
2006-01-06,121.59,121.59,121.59,121.59,
2006-01-09,123.23,123.23,123.23,123.23,
2006-01-11,123.13,123.13,123.13,123.13,
2006-01-12,127.61,127.61,127.61,127.61,
2006-01-13,129.05,129.05,129.05,129.05,
2006-01-16,132.98,132.98,132.98,132.98,
2006-01-17,132.98,132.98,132.98,132.98,
2006-01-18,132.98,132.98,132.98,132.98,
2006-01-19,132.98,132.98,132.98,132.98,
2006-01-20,133.55,133.55,133.55,133.55,
2006-01-23,133.55,133.55,133.55,133.55,
2006-01-24,133.14,133.14,133.14,133.14,
2006-01-25,133.2,133.2,133.2,133.2,
2006-01-26,131.78,131.78,131.78,131.78,
2006-01-27,133.01,133.01,133.01,133.01,
2006-01-30,132.61,132.61,132.61,132.61,
2006-01-31,130.94,130.94,130.94,130.94,
2006-02-01,130.87,130.87,130.87,130.87,
2006-02-02,130.71,130.71,130.71,130.71,
2006-02-03,131.53,131.53,131.53,131.53,
2006-02-06,131.91,131.91,131.91,131.91,
2006-02-07,131.93,131.93,131.93,131.93,
2006-02-08,131.95,131.95,131.95,131.95,
2006-02-09,133.29,133.29,133.29,133.29,
2006-02-10,132.46,132.46,132.46,132.46,
2006-02-13,131.84,131.84,131.84,131.84,
2006-02-14,131.6,131.6,131.6,131.6,
2006-02-15,131.96,131.96,131.96,131.96,
2006-02-16,130.93,130.93,130.93,130.93,
2006-02-17,132.04,132.04,132.04,132.04,
2006-02-20,131.88,131.88,131.88,131.88,
2006-02-21,132.2,132.2,132.2,132.2,
2006-02-22,131.97,131.97,131.97,131.97,
2006-02-23,131.01,131.01,131.01,131.01,
2006-02-24,132.41,132.41,132.41,132.41,
2006-02-27,132.59,132.59,132.59,132.59,
2006-02-28,133.03,133.03,133.03,133.03,
2006-03-01,132.59,132.59,132.59,132.59,
2006-03-02,132.59,132.59,132.59,132.59,
2006-03-03,132.56,132.56,132.56,132.56,
2006-03-06,132.78,132.78,132.78,132.78,
2006-03-07,132.8,132.8,132.8,132.8,
2006-03-08,132.41,132.41,132.41,132.41,
2006-03-09,131.37,131.37,131.37,131.37,
2006-03-10,132.44,132.44,132.44,132.44,
2006-03-13,132.42,132.42,132.42,132.42,
2006-03-14,132.66,132.66,132.66,132.66,
2006-03-15,132.62,132.62,132.62,132.62,
2006-03-16,132.81,132.81,132.81,132.81,
2006-03-17,132.9,132.9,132.9,132.9,
2006-03-20,132.96,132.96,132.96,132.96,
2006-03-21,132.93,132.93,132.93,132.93,
2006-03-22,133.65,133.65,133.65,133.65,
2006-03-23,133.7,133.7,133.7,133.7,
2006-03-24,133.98,133.98,133.98,133.98,
2006-03-27,134.74,134.74,134.74,134.74,
2006-03-28,133.88,133.88,133.88,133.88,
2006-03-29,135.15,135.15,135.15,135.15,
2006-03-30,135.25,135.25,135.25,135.25,
2006-03-31,135.89,135.89,135.89,135.89,
2006-04-03,136.02,136.02,136.02,136.02,
2006-04-04,135.69,135.69,135.69,135.69,
2006-04-05,135.69,135.69,135.69,135.69,
2006-04-06,135.73,135.73,135.73,135.73,
2006-04-07,136.65,136.65,136.65,136.65,
2006-04-10,136.86,136.86,136.86,136.86,
2006-04-12,137.33,137.33,137.33,137.33,
2006-04-13,137.39,137.39,137.39,137.39,
2006-04-14,137.69,137.69,137.69,137.69,
2006-04-18,136.8,136.8,136.8,136.8,
2006-04-19,136.73,136.73,136.73,136.73,
2006-04-20,136.0,136.0,136.0,136.0,
2006-04-21,136.35,136.35,136.35,136.35,
2006-04-24,136.3,136.3,136.3,136.3,
2006-04-25,137.28,137.28,137.28,137.28,
2006-04-26,137.29,137.29,137.29,137.29,
2006-04-27,137.42,137.42,137.42,137.42,
2006-04-28,138.04,138.04,138.04,138.04,
2006-05-02,137.48,137.48,137.48,137.48,
2006-05-03,137.53,137.53,137.53,137.53,
2006-05-04,137.83,137.83,137.83,137.83,
2006-05-05,137.3,137.3,137.3,137.3,
2006-05-08,137.17,137.17,137.17,137.17,
2006-05-09,137.26,137.26,137.26,137.26,
2006-05-10,136.46,136.46,136.46,136.46,
2006-05-11,136.14,136.14,136.14,136.14,
2006-05-12,136.27,136.27,136.27,136.27,
2006-05-15,135.96,135.96,135.96,135.96,
2006-05-16,136.18,136.18,136.18,136.18,
2006-05-17,136.08,136.08,136.08,136.08,
2006-05-18,135.58,135.58,135.58,135.58,
2006-05-19,135.55,135.55,135.55,135.55,
2006-05-22,135.89,135.89,135.89,135.89,
2006-05-23,135.6,135.6,135.6,135.6,
2006-05-24,134.86,134.86,134.86,134.86,
2006-05-26,134.68,134.68,134.68,134.68,
2006-05-29,134.01,134.01,134.01,134.01,
2006-05-30,133.84,133.84,133.84,133.84,
2006-05-31,133.58,133.58,133.58,133.58,
2006-06-01,133.81,133.81,133.81,133.81,
2006-06-02,134.26,134.26,134.26,134.26,
2006-06-06,134.11,134.11,134.11,134.11,
2006-06-07,134.1,134.1,134.1,134.1,
2006-06-08,134.02,134.02,134.02,134.02,
2006-06-09,133.91,133.91,133.91,133.91,
2006-06-12,134.1,134.1,134.1,134.1,
2006-06-13,133.78,133.78,133.78,133.78,
2006-06-14,133.22,133.22,133.22,133.22,
2006-06-15,132.2,132.2,132.2,132.2,
2006-06-16,132.16,132.16,132.16,132.16,
2006-06-19,132.0,132.0,132.0,132.0,
2006-06-20,131.01,131.01,131.01,131.01,
2006-06-21,131.98,131.98,131.98,131.98,
2006-06-22,132.09,132.09,132.09,132.09,
2006-06-23,132.86,132.86,132.86,132.86,
2006-06-26,132.87,132.87,132.87,132.87,
2006-06-27,132.78,132.78,132.78,132.78,
2006-06-28,132.85,132.85,132.85,132.85,
2006-06-29,132.98,132.98,132.98,132.98,
2006-06-30,132.85,132.85,132.85,132.85,
2006-07-03,132.8,132.8,132.8,132.8,
2006-07-04,132.88,132.88,132.88,132.88,
2006-07-05,132.91,132.91,132.91,132.91,
2006-07-06,129.4,129.4,129.4,129.4,
2006-07-07,129.59,129.59,129.59,129.59,
2006-07-10,129.52,129.52,129.52,129.52,
2006-07-11,129.88,129.88,129.88,129.88,
2006-07-12,125.08,125.08,125.08,125.08,
2006-07-13,125.37,125.37,125.37,125.37,
2006-07-14,126.95,126.95,126.95,126.95,
2006-07-17,128.85,128.85,128.85,128.85,
2006-07-18,128.8,128.8,128.8,128.8,
2006-07-19,128.84,128.84,128.84,128.84,
2006-07-20,129.05,129.05,129.05,129.05,
2006-07-21,129.07,129.07,129.07,129.07,
2006-07-24,128.97,128.97,128.97,128.97,
2006-07-25,129.04,129.04,129.04,129.04,
2006-07-26,128.72,128.72,128.72,128.72,
2006-07-27,128.74,128.74,128.74,128.74,
2006-07-28,128.61,128.61,128.61,128.61,
2006-07-31,128.83,128.83,128.83,128.83,
2006-08-01,129.27,129.27,129.27,129.27,
2006-08-02,129.41,129.41,129.41,129.41,
2006-08-03,129.11,129.11,129.11,129.11,
2006-08-04,128.98,128.98,128.98,128.98,
2006-08-08,128.98,128.98,128.98,128.98,
2006-08-09,129.19,129.19,129.19,129.19,
2006-08-10,129.39,129.39,129.39,129.39,
2006-08-11,129.58,129.58,129.58,129.58,
2006-08-14,129.63,129.63,129.63,129.63,
2006-08-16,129.63,129.63,129.63,129.63,
2006-08-17,129.21,129.21,129.21,129.21,
2006-08-18,129.87,129.87,129.87,129.87,
2006-08-21,129.89,129.89,129.89,129.89,
2006-08-22,129.98,129.98,129.98,129.98,
2006-08-23,130.06,130.06,130.06,130.06,
2006-08-24,130.04,130.04,130.04,130.04,
2006-08-25,134.84,134.84,134.84,134.84,
2006-08-28,134.93,134.93,134.93,134.93,
2006-08-29,134.93,134.93,134.93,134.93,
2006-08-30,134.71,134.71,134.71,134.71,
2006-08-31,135.46,135.46,135.46,135.46,
2006-09-01,135.03,135.03,135.03,135.03,
2006-09-04,135.02,135.02,135.02,135.02,
2006-09-05,135.05,135.05,135.05,135.05,
2006-09-06,134.21,134.21,134.21,134.21,
2006-09-07,134.3,134.3,134.3,134.3,
2006-09-08,134.31,134.31,134.31,134.31,
2006-09-11,134.35,134.35,134.35,134.35,
2006-09-12,133.99,133.99,133.99,133.99,
2006-09-13,141.51,141.51,141.51,141.51,
2006-09-14,141.53,141.53,141.53,141.53,
2006-09-15,141.64,141.64,141.64,141.64,
2006-09-18,155.11,155.11,155.11,155.11,
2006-09-19,160.11,160.11,160.11,160.11,
2006-09-20,159.97,159.97,159.97,159.97,
2006-09-21,171.47,171.47,171.47,171.47,
2006-09-22,178.01,178.01,178.01,178.01,
2006-09-25,171.0,171.0,171.0,171.0,
2006-09-26,164.5,164.5,164.5,164.5,
2006-09-27,164.5,164.5,164.5,164.5,
2006-09-28,164.5,164.5,164.5,164.5,
2006-09-29,147.83,147.83,147.83,147.83,
2006-10-02,147.81,147.81,147.81,147.81,
2006-10-03,147.8,147.8,147.8,147.8,
2006-10-04,134.8,134.8,134.8,134.8,
2006-10-05,131.15,131.15,131.15,131.15,
2006-10-06,127.66,127.66,127.66,127.66,
2006-10-09,124.48,124.48,124.48,124.48,
2006-10-10,121.24,121.24,121.24,121.24,
2006-10-11,123.89,123.89,123.89,123.89,
2006-10-12,124.86,124.86,124.86,124.86,
2006-10-13,125.92,125.92,125.92,125.92,
2006-10-16,125.34,125.34,125.34,125.34,
2006-10-17,122.2,122.2,122.2,122.2,
2006-10-18,125.9,125.9,125.9,125.9,
2006-10-20,125.55,125.55,125.55,125.55,
2006-10-24,124.88,124.88,124.88,124.88,
2006-10-25,124.88,124.88,124.88,124.88,
2006-10-26,124.06,124.06,124.06,124.06,
2006-10-27,124.79,124.79,124.79,124.79,
2006-10-30,121.7,121.7,121.7,121.7,
2006-10-31,124.06,124.06,124.06,124.06,
2006-11-02,124.31,124.31,124.31,124.31,
2006-11-03,124.44,124.44,124.44,124.44,
2006-11-06,123.1,123.1,123.1,123.1,
2006-11-07,123.09,123.09,123.09,123.09,
2006-11-08,124.25,124.25,124.25,124.25,
2006-11-09,122.54,122.54,122.54,122.54,
2006-11-10,123.52,123.52,123.52,123.52,
2006-11-13,122.47,122.47,122.47,122.47,
2006-11-14,122.3,122.3,122.3,122.3,
2006-11-16,119.81,119.81,119.81,119.81,
2006-11-17,120.25,120.25,120.25,120.25,
2006-11-20,117.66,117.66,117.66,117.66,
2006-11-21,117.61,117.61,117.61,117.61,
2006-11-22,118.45,118.45,118.45,118.45,
2006-11-23,118.67,118.67,118.67,118.67,
2006-11-24,118.11,118.11,118.11,118.11,
2006-11-27,118.23,118.23,118.23,118.23,
2006-11-28,117.38,117.38,117.38,117.38,
2006-11-29,117.48,117.48,117.48,117.48,
2006-11-30,116.95,116.95,116.95,116.95,
2006-12-01,116.67,116.67,116.67,116.67,
2006-12-04,115.68,115.68,115.68,115.68,
2006-12-05,114.94,114.94,114.94,114.94,
2006-12-06,114.73,114.73,114.73,114.73,
2006-12-07,114.89,114.89,114.89,114.89,
2006-12-08,114.9,114.9,114.9,114.9,
2006-12-11,114.9,114.9,114.9,114.9,
2006-12-12,113.27,113.27,113.27,113.27,
2006-12-13,113.24,113.24,113.24,113.24,
2006-12-14,112.92,112.92,112.92,112.92,
2006-12-15,113.19,113.19,113.19,113.19,
2006-12-18,112.9,112.9,112.9,112.9,
2006-12-19,112.82,112.82,112.82,112.82,
2006-12-20,112.98,112.98,112.98,112.98,
2006-12-21,112.83,112.83,112.83,112.83,
2006-12-22,112.89,112.89,112.89,112.89,
2006-12-26,112.8,112.8,112.8,112.8,
2006-12-27,113.58,113.58,113.58,113.58,
2006-12-28,112.81,112.81,112.81,112.81,
2006-12-29,112.65,112.65,112.65,112.65,
2007-01-02,112.7,112.7,112.7,112.7,
2007-01-03,112.66,112.66,112.66,112.66,
2007-01-04,112.56,112.56,112.56,112.56,
2007-01-05,112.73,112.73,112.73,112.73,
2007-01-08,112.75,112.75,112.75,112.75,
2007-01-09,112.91,112.91,112.91,112.91,
2007-01-10,112.81,112.81,112.81,112.81,
2007-01-11,112.81,112.81,112.81,112.81,
2007-01-12,112.82,112.82,112.82,112.82,
2007-01-15,112.82,112.82,112.82,112.82,
2007-01-16,112.72,112.72,112.72,112.72,
2007-01-17,113.16,113.16,113.16,113.16,
2007-01-18,113.16,113.16,113.16,113.16,
2007-01-19,113.29,113.29,113.29,113.29,
2007-01-22,113.01,113.01,113.01,113.01,
2007-01-23,113.29,113.29,113.29,113.29,
2007-01-24,114.85,114.85,114.85,114.85,
2007-01-25,113.18,113.18,113.18,113.18,
2007-01-26,112.31,112.31,112.31,112.31,
2007-01-29,113.04,113.04,113.04,113.04,
2007-01-30,113.01,113.01,113.01,113.01,
2007-01-31,112.86,112.86,112.86,112.86,
2007-02-01,110.89,110.89,110.89,110.89,
2007-02-02,111.88,111.88,111.88,111.88,
2007-02-05,111.9,111.9,111.9,111.9,
2007-02-06,111.95,111.95,111.95,111.95,
2007-02-07,112.15,112.15,112.15,112.15,
2007-02-08,112.2,112.2,112.2,112.2,
2007-02-09,112.3,112.3,112.3,112.3,
2007-02-12,113.27,113.27,113.27,113.27,
2007-02-13,114.04,114.04,114.04,114.04,
2007-02-14,114.05,114.05,114.05,114.05,
2007-02-15,115.55,115.55,115.55,115.55,
2007-02-16,117.4,117.4,117.4,117.4,
2007-02-19,117.44,117.44,117.44,117.44,
2007-02-20,117.79,117.79,117.79,117.79,
2007-02-21,120.28,120.28,120.28,120.28,
2007-02-22,122.88,122.88,122.88,122.88,
2007-02-23,124.18,124.18,124.18,124.18,
2007-02-26,122.96,122.96,122.96,122.96,
2007-02-27,123.1,123.1,123.1,123.1,
2007-02-28,125.27,125.27,125.27,125.27,
2007-03-01,126.6,126.6,126.6,126.6,
2007-03-02,129.12,129.12,129.12,129.12,
2007-03-05,129.22,129.22,129.22,129.22,
2007-03-06,129.61,129.61,129.61,129.61,
2007-03-07,129.56,129.56,129.56,129.56,
2007-03-08,129.41,129.41,129.41,129.41,
2007-03-09,128.34,128.34,128.34,128.34,
2007-03-12,128.02,128.02,128.02,128.02,
2007-03-13,128.78,128.78,128.78,128.78,
2007-03-14,128.6,128.6,128.6,128.6,
2007-03-15,127.53,127.53,127.53,127.53,
2007-03-16,127.35,127.35,127.35,127.35,
2007-03-19,128.19,128.19,128.19,128.19,
2007-03-20,128.02,128.02,128.02,128.02,
2007-03-21,128.1,128.1,128.1,128.1,
2007-03-22,129.59,129.59,129.59,129.59,
2007-03-23,134.13,134.13,134.13,134.13,
2007-03-26,134.47,134.47,134.47,134.47,
2007-03-27,134.69,134.69,134.69,134.69,
2007-03-28,136.79,136.79,136.79,136.79,
2007-03-29,134.85,134.85,134.85,134.85,
2007-03-30,134.47,134.47,134.47,134.47,
2007-04-02,134.12,134.12,134.12,134.12,
2007-04-03,134.23,134.23,134.23,134.23,
2007-04-04,133.59,133.59,133.59,133.59,
2007-04-05,135.66,135.66,135.66,135.66,
2007-04-06,135.85,135.85,135.85,135.85,
2007-04-10,135.85,135.85,135.85,135.85,
2007-04-11,134.97,134.97,134.97,134.97,
2007-04-12,133.18,133.18,133.18,133.18,
2007-04-13,133.95,133.95,133.95,133.95,
2007-04-16,135.95,135.95,135.95,135.95,
2007-04-17,136.23,136.23,136.23,136.23,
2007-04-18,135.77,135.77,135.77,135.77,
2007-04-19,135.46,135.46,135.46,135.46,
2007-04-20,135.06,135.06,135.06,135.06,
2007-04-23,136.39,136.39,136.39,136.39,
2007-04-24,136.56,136.56,136.56,136.56,
2007-04-25,136.82,136.82,136.82,136.82,
2007-04-26,135.87,135.87,135.87,135.87,
2007-04-27,135.87,135.87,135.87,135.87,
2007-04-30,135.38,135.38,135.38,135.38,
2007-05-02,134.74,134.74,134.74,134.74,
2007-05-03,135.35,135.35,135.35,135.35,
2007-05-04,136.02,136.02,136.02,136.02,
2007-05-07,135.99,135.99,135.99,135.99,
2007-05-08,135.9,135.9,135.9,135.9,
2007-05-09,136.83,136.83,136.83,136.83,
2007-05-10,136.98,136.98,136.98,136.98,
2007-05-11,137.25,137.25,137.25,137.25,
2007-05-14,137.13,137.13,137.13,137.13,
2007-05-15,137.8,137.8,137.8,137.8,
2007-05-16,137.19,137.19,137.19,137.19,
2007-05-18,137.9,137.9,137.9,137.9,
2007-05-21,138.5,138.5,138.5,138.5,
2007-05-22,137.33,137.33,137.33,137.33,
2007-05-23,137.32,137.32,137.32,137.32,
2007-05-24,137.96,137.96,137.96,137.96,
2007-05-25,141.71,141.71,141.71,141.71,
2007-05-29,141.71,141.71,141.71,141.71,
2007-05-30,141.91,141.91,141.91,141.91,
2007-05-31,142.17,142.17,142.17,142.17,
2007-06-01,146.08,146.08,146.08,146.08,
2007-06-04,145.74,145.74,145.74,145.74,
2007-06-05,145.33,145.33,145.33,145.33,
2007-06-06,145.33,145.33,145.33,145.33,
2007-06-07,146.02,146.02,146.02,146.02,
2007-06-08,146.77,146.77,146.77,146.77,
2007-06-11,148.79,148.79,148.79,148.79,
2007-06-12,147.04,147.04,147.04,147.04,
2007-06-13,146.45,146.45,146.45,146.45,
2007-06-14,147.35,147.35,147.35,147.35,
2007-06-15,148.58,148.58,148.58,148.58,
2007-06-18,148.42,148.42,148.42,148.42,
2007-06-19,148.35,148.35,148.35,148.35,
2007-06-20,149.87,149.87,149.87,149.87,
2007-06-21,153.09,153.09,153.09,153.09,
2007-06-22,152.82,152.82,152.82,152.82,
2007-06-25,154.32,154.32,154.32,154.32,
2007-06-26,155.63,155.63,155.63,155.63,
2007-06-27,158.65,158.65,158.65,158.65,
2007-06-28,161.39,161.39,161.39,161.39,
2007-06-29,166.41,166.41,166.41,166.41,
2007-07-02,165.63,165.63,165.63,165.63,
2007-07-03,163.85,163.85,163.85,163.85,
2007-07-04,166.88,166.88,166.88,166.88,
2007-07-05,167.17,167.17,167.17,167.17,
2007-07-06,166.93,166.93,166.93,166.93,
2007-07-09,166.84,166.84,166.84,166.84,
2007-07-10,167.18,167.18,167.18,167.18,
2007-07-11,166.68,166.68,166.68,166.68,
2007-07-12,165.99,165.99,165.99,165.99,
2007-07-13,165.8,165.8,165.8,165.8,
2007-07-16,163.1,163.1,163.1,163.1,
2007-07-17,160.98,160.98,160.98,160.98,
2007-07-18,160.9,160.9,160.9,160.9,
2007-07-19,162.56,162.56,162.56,162.56,
2007-07-20,165.0,165.0,165.0,165.0,
2007-07-23,166.47,166.47,166.47,166.47,
2007-07-24,165.44,165.44,165.44,165.44,
2007-07-25,167.74,167.74,167.74,167.74,
2007-07-26,169.31,169.31,169.31,169.31,
2007-07-27,168.63,168.63,168.63,168.63,
2007-07-31,171.42,171.42,171.42,171.42,
2007-08-01,171.79,171.79,171.79,171.79,
2007-08-02,172.65,172.65,172.65,172.65,
2007-08-03,172.43,172.43,172.43,172.43,
2007-08-08,172.33,172.33,172.33,172.33,
2007-08-09,170.82,170.82,170.82,170.82,
2007-08-10,174.02,174.02,174.02,174.02,
2007-08-13,175.26,175.26,175.26,175.26,
2007-08-14,179.29,179.29,179.29,179.29,
2007-08-16,181.28,181.28,181.28,181.28,
2007-08-17,180.47,180.47,180.47,180.47,
2007-08-20,181.68,181.68,181.68,181.68,
2007-08-21,184.48,184.48,184.48,184.48,
2007-08-22,185.26,185.26,185.26,185.26,
2007-08-23,185.76,185.76,185.76,185.76,
2007-08-24,186.55,186.55,186.55,186.55,
2007-08-27,190.01,190.01,190.01,190.01,
2007-08-28,189.48,189.48,189.48,189.48,
2007-08-29,190.16,190.16,190.16,190.16,
2007-08-30,190.71,190.71,190.71,190.71,
2007-08-31,195.61,195.61,195.61,195.61,
2007-09-03,196.24,196.24,196.24,196.24,
2007-09-04,196.67,196.67,196.67,196.67,
2007-09-05,197.02,197.02,197.02,197.02,
2007-09-06,197.0,197.0,197.0,197.0,
2007-09-07,196.34,196.34,196.34,196.34,
2007-09-10,196.71,196.71,196.71,196.71,
2007-09-11,196.39,196.39,196.39,196.39,
2007-09-12,196.56,196.56,196.56,196.56,
2007-09-13,195.64,195.64,195.64,195.64,
2007-09-14,195.07,195.07,195.07,195.07,
2007-09-17,194.78,194.78,194.78,194.78,
2007-09-18,194.6,194.6,194.6,194.6,
2007-09-19,193.36,193.36,193.36,193.36,
2007-09-20,193.36,193.36,193.36,193.36,
2007-09-21,193.06,193.06,193.06,193.06,
2007-09-24,192.67,192.67,192.67,192.67,
2007-09-25,192.7,192.7,192.7,192.7,
2007-09-26,191.72,191.72,191.72,191.72,
2007-09-27,189.31,189.31,189.31,189.31,
2007-09-28,190.47,190.47,190.47,190.47,
2007-10-01,190.5,190.5,190.5,190.5,
2007-10-02,190.31,190.31,190.31,190.31,
2007-10-03,189.4,189.4,189.4,189.4,
2007-10-04,189.45,189.45,189.45,189.45,
2007-10-05,189.09,189.09,189.09,189.09,
2007-10-08,188.85,188.85,188.85,188.85,
2007-10-10,189.42,189.42,189.42,189.42,
2007-10-11,189.46,189.46,189.46,189.46,
2007-10-15,189.86,189.86,189.86,189.86,
2007-10-16,191.29,191.29,191.29,191.29,
2007-10-17,191.89,191.89,191.89,191.89,
2007-10-18,194.78,194.78,194.78,194.78,
2007-10-19,197.08,197.08,197.08,197.08,
2007-10-22,196.07,196.07,196.07,196.07,
2007-10-23,196.41,196.41,196.41,196.41,
2007-10-24,197.52,197.52,197.52,197.52,
2007-10-25,197.21,197.21,197.21,197.21,
2007-10-26,196.68,196.68,196.68,196.68,
2007-10-29,197.25,197.25,197.25,197.25,
2007-10-30,197.28,197.28,197.28,197.28,
2007-10-31,196.78,196.78,196.78,196.78,
2007-11-02,196.81,196.81,196.81,196.81,
2007-11-05,196.69,196.69,196.69,196.69,
2007-11-06,197.04,197.04,197.04,197.04,
2007-11-07,197.42,197.42,197.42,197.42,
2007-11-08,197.34,197.34,197.34,197.34,
2007-11-09,199.17,199.17,199.17,199.17,
2007-11-12,199.16,199.16,199.16,199.16,
2007-11-13,198.7,198.7,198.7,198.7,
2007-11-14,199.15,199.15,199.15,199.15,
2007-11-16,196.4,196.4,196.4,196.4,
2007-11-19,197.93,197.93,197.93,197.93,
2007-11-20,198.81,198.81,198.81,198.81,
2007-11-21,197.99,197.99,197.99,197.99,
2007-11-22,200.58,200.58,200.58,200.58,
2007-11-23,200.67,200.67,200.67,200.67,
2007-11-26,199.12,199.12,199.12,199.12,
2007-11-27,200.18,200.18,200.18,200.18,
2007-11-28,199.43,199.43,199.43,199.43,
2007-11-29,197.5,197.5,197.5,197.5,
2007-11-30,198.0,198.0,198.0,198.0,
2007-12-03,198.69,198.69,198.69,198.69,
2007-12-04,197.99,197.99,197.99,197.99,
2007-12-05,198.32,198.32,198.32,198.32,
2007-12-06,198.32,198.32,198.32,198.32,
2007-12-07,199.11,199.11,199.11,199.11,
2007-12-10,199.11,199.11,199.11,199.11,
2007-12-11,198.8,198.8,198.8,198.8,
2007-12-12,197.24,197.24,197.24,197.24,
2007-12-13,199.1,199.1,199.1,199.1,
2007-12-14,199.28,199.28,199.28,199.28,
2007-12-17,200.45,200.45,200.45,200.45,
2007-12-18,196.53,196.53,196.53,196.53,
2007-12-20,199.74,199.74,199.74,199.74,
2007-12-21,198.2,198.2,198.2,198.2,
2007-12-24,199.47,199.47,199.47,199.47,
2007-12-26,199.42,199.42,199.42,199.42,
2007-12-27,199.05,199.05,199.05,199.05,
2007-12-28,199.39,199.39,199.39,199.39,
2007-12-31,199.45,199.45,199.45,199.45,
2008-01-02,199.22,199.22,199.22,199.22,
2008-01-03,199.92,199.92,199.92,199.92,
2008-01-04,199.88,199.88,199.88,199.88,
2008-01-07,200.27,200.27,200.27,200.27,
2008-01-08,200.44,200.44,200.44,200.44,
2008-01-09,200.45,200.45,200.45,200.45,
2008-01-10,201.39,201.39,201.39,201.39,
2008-01-11,203.0,203.0,203.0,203.0,
2008-01-14,204.26,204.26,204.26,204.26,
2008-01-15,204.69,204.69,204.69,204.69,
2008-01-16,204.53,204.53,204.53,204.53,
2008-01-17,204.24,204.24,204.24,204.24,
2008-01-18,208.05,208.05,208.05,208.05,
2008-01-21,208.05,208.05,208.05,208.05,
2008-01-22,206.59,206.59,206.59,206.59,
2008-01-23,206.59,206.59,206.59,206.59,
2008-01-24,211.83,211.83,211.83,211.83,
2008-01-25,211.81,211.81,211.81,211.81,
2008-01-28,211.45,211.45,211.45,211.45,
2008-01-29,211.87,211.87,211.87,211.87,
2008-01-30,211.84,211.84,211.84,211.84,
2008-01-31,213.18,213.18,213.18,213.18,
2008-02-01,211.43,211.43,211.43,211.43,
2008-02-04,211.49,211.49,211.49,211.49,
2008-02-05,213.11,213.11,213.11,213.11,
2008-02-06,214.62,214.62,214.62,214.62,
2008-02-07,215.7,215.7,215.7,215.7,
2008-02-08,216.87,216.87,216.87,216.87,
2008-02-11,216.88,216.88,216.88,216.88,
2008-02-12,209.12,209.12,209.12,209.12,
2008-02-13,216.52,216.52,216.52,216.52,
2008-02-14,215.29,215.29,215.29,215.29,
2008-02-15,209.7,209.7,209.7,209.7,
2008-02-18,215.99,215.99,215.99,215.99,
2008-02-19,215.65,215.65,215.65,215.65,
2008-02-20,215.27,215.27,215.27,215.27,
2008-02-21,215.51,215.51,215.51,215.51,
2008-02-22,215.93,215.93,215.93,215.93,
2008-02-25,215.89,215.89,215.89,215.89,
2008-02-26,217.17,217.17,217.17,217.17,
2008-02-27,215.49,215.49,215.49,215.49,
2008-02-28,221.42,221.42,221.42,221.42,
2008-02-29,221.52,221.52,221.52,221.52,
2008-03-03,219.03,219.03,219.03,219.03,
2008-03-04,219.32,219.32,219.32,219.32,
2008-03-05,218.82,218.82,218.82,218.82,
2008-03-06,219.22,219.22,219.22,219.22,
2008-03-07,219.4,219.4,219.4,219.4,
2008-03-10,219.29,219.29,219.29,219.29,
2008-03-11,219.82,219.82,219.82,219.82,
2008-03-12,220.38,220.38,220.38,220.38,
2008-03-13,220.36,220.36,220.36,220.36,
2008-03-14,221.96,221.96,221.96,221.96,
2008-03-17,222.5,222.5,222.5,222.5,
2008-03-18,223.17,223.17,223.17,223.17,
2008-03-19,223.53,223.53,223.53,223.53,
2008-03-21,227.3,227.3,227.3,227.3,
2008-03-25,228.01,228.01,228.01,228.01,
2008-03-26,227.79,227.79,227.79,227.79,
2008-03-27,231.39,231.39,231.39,231.39,
2008-03-28,231.82,231.82,231.82,231.82,
2008-03-31,231.61,231.61,231.61,231.61,
2008-04-01,229.79,229.79,229.79,229.79,
2008-04-02,228.82,228.82,228.82,228.82,
2008-04-03,227.17,227.17,227.17,227.17,
2008-04-04,226.52,226.52,226.52,226.52,
2008-04-07,227.68,227.68,227.68,227.68,
2008-04-08,224.01,224.01,224.01,224.01,
2008-04-09,221.08,221.08,221.08,221.08,
2008-04-10,223.46,223.46,223.46,223.46,
2008-04-11,224.87,224.87,224.87,224.87,
2008-04-14,230.67,230.67,230.67,230.67,
2008-04-15,232.36,232.36,232.36,232.36,
2008-04-16,232.47,232.47,232.47,232.47,
2008-04-17,232.79,232.79,232.79,232.79,
2008-04-18,233.13,233.13,233.13,233.13,
2008-04-21,233.17,233.17,233.17,233.17,
2008-04-22,232.97,232.97,232.97,232.97,
2008-04-23,232.98,232.98,232.98,232.98,
2008-04-24,233.46,233.46,233.46,233.46,
2008-04-25,237.45,237.45,237.45,237.45,
2008-04-28,238.21,238.21,238.21,238.21,
2008-04-29,237.6,237.6,237.6,237.6,
2008-04-30,235.45,235.45,235.45,235.45,
2008-05-02,235.63,235.63,235.63,235.63,
2008-05-05,236.1,236.1,236.1,236.1,
2008-05-06,236.17,236.17,236.17,236.17,
2008-05-07,237.02,237.02,237.02,237.02,
2008-05-08,236.27,236.27,236.27,236.27,
2008-05-09,237.13,237.13,237.13,237.13,
2008-05-13,237.3,237.3,237.3,237.3,
2008-05-14,237.08,237.08,237.08,237.08,
2008-05-15,236.93,236.93,236.93,236.93,
2008-05-16,235.82,235.82,235.82,235.82,
2008-05-19,236.63,236.63,236.63,236.63,
2008-05-20,235.07,235.07,235.07,235.07,
2008-05-21,234.76,234.76,234.76,234.76,
2008-05-22,234.06,234.06,234.06,234.06,
2008-05-23,232.97,232.97,232.97,232.97,
2008-05-26,232.83,232.83,232.83,232.83,
2008-05-27,233.34,233.34,233.34,233.34,
2008-05-28,233.45,233.45,233.45,233.45,
2008-05-29,237.43,237.43,237.43,237.43,
2008-05-30,238.7,238.7,238.7,238.7,
2008-06-02,240.21,240.21,240.21,240.21,
2008-06-03,242.68,242.68,242.68,242.68,
2008-06-04,240.81,240.81,240.81,240.81,
2008-06-05,239.57,239.57,239.57,239.57,
2008-06-06,238.71,238.71,238.71,238.71,
2008-06-09,242.28,242.28,242.28,242.28,
2008-06-10,238.64,238.64,238.64,238.64,
2008-06-11,236.96,236.96,236.96,236.96,
2008-06-12,235.53,235.53,235.53,235.53,
2008-06-13,234.61,234.61,234.61,234.61,
2008-06-16,236.41,236.41,236.41,236.41,
2008-06-17,236.49,236.49,236.49,236.49,
2008-06-18,233.03,233.03,233.03,233.03,
2008-06-19,235.45,235.45,235.45,235.45,
2008-06-20,236.87,236.87,236.87,236.87,
2008-06-23,237.95,237.95,237.95,237.95,
2008-06-24,238.76,238.76,238.76,238.76,
2008-06-25,237.03,237.03,237.03,237.03,
2008-06-26,238.09,238.09,238.09,238.09,
2008-06-27,239.5,239.5,239.5,239.5,
2008-06-30,236.8,236.8,236.8,236.8,
2008-07-01,233.64,233.64,233.64,233.64,
2008-07-02,230.13,230.13,230.13,230.13,
2008-07-03,230.54,230.54,230.54,230.54,
2008-07-04,231.6,231.6,231.6,231.6,
2008-07-07,232.45,232.45,232.45,232.45,
2008-07-08,235.49,235.49,235.49,235.49,
2008-07-09,235.6,235.6,235.6,235.6,
2008-07-10,235.64,235.64,235.64,235.64,
2008-07-11,235.71,235.71,235.71,235.71,
2008-07-14,235.94,235.94,235.94,235.94,
2008-07-15,236.19,236.19,236.19,236.19,
2008-07-16,237.0,237.0,237.0,237.0,
2008-07-17,235.84,235.84,235.84,235.84,
2008-07-18,235.54,235.54,235.54,235.54,
2008-07-21,236.08,236.08,236.08,236.08,
2008-07-22,236.11,236.11,236.11,236.11,
2008-07-23,241.73,241.73,241.73,241.73,
2008-07-24,237.42,237.42,237.42,237.42,
2008-07-25,236.52,236.52,236.52,236.52,
2008-07-28,236.3,236.3,236.3,236.3,
2008-07-29,240.45,240.45,240.45,240.45,
2008-07-30,242.25,242.25,242.25,242.25,
2008-07-31,242.54,242.54,242.54,242.54,
2008-08-01,245.93,245.93,245.93,245.93,
2008-08-04,246.68,246.68,246.68,246.68,
2008-08-05,246.73,246.73,246.73,246.73,
2008-08-06,245.52,245.52,245.52,245.52,
2008-08-08,243.68,243.68,243.68,243.68,
2008-08-11,242.39,242.39,242.39,242.39,
2008-08-12,241.72,241.72,241.72,241.72,
2008-08-13,245.53,245.53,245.53,245.53,
2008-08-14,245.61,245.61,245.61,245.61,
2008-08-18,244.03,244.03,244.03,244.03,
2008-08-19,242.12,242.12,242.12,242.12,
2008-08-20,239.09,239.09,239.09,239.09,
2008-08-21,238.18,238.18,238.18,238.18,
2008-08-22,240.24,240.24,240.24,240.24,
2008-08-25,242.24,242.24,242.24,242.24,
2008-08-26,240.76,240.76,240.76,240.76,
2008-08-27,241.25,241.25,241.25,241.25,
2008-08-28,241.24,241.24,241.24,241.24,
2008-08-29,241.39,241.39,241.39,241.39,
2008-09-01,240.28,240.28,240.28,240.28,
2008-09-02,241.92,241.92,241.92,241.92,
2008-09-03,243.58,243.58,243.58,243.58,
2008-09-04,241.71,241.71,241.71,241.71,
2008-09-05,237.86,237.86,237.86,237.86,
2008-09-08,238.29,238.29,238.29,238.29,
2008-09-09,231.71,231.71,231.71,231.71,
2008-09-10,229.97,229.97,229.97,229.97,
2008-09-11,225.53,225.53,225.53,225.53,
2008-09-12,225.43,225.43,225.43,225.43,
2008-09-15,223.63,223.63,223.63,223.63,
2008-09-16,224.72,224.72,224.72,224.72,
2008-09-17,224.75,224.75,224.75,224.75,
2008-09-18,224.71,224.71,224.71,224.71,
2008-09-19,224.73,224.73,224.73,224.73,
2008-09-22,223.55,223.55,223.55,223.55,
2008-09-23,223.19,223.19,223.19,223.19,
2008-09-24,222.88,222.88,222.88,222.88,
2008-09-25,222.48,222.48,222.48,222.48,
2008-09-26,220.56,220.56,220.56,220.56,
2008-09-29,219.87,219.87,219.87,219.87,
2008-10-01,219.07,219.07,219.07,219.07,
2008-10-02,219.08,219.08,219.08,219.08,
2008-10-03,219.02,219.02,219.02,219.02,
2008-10-06,219.71,219.71,219.71,219.71,
2008-10-07,217.48,217.48,217.48,217.48,
2008-10-08,217.44,217.44,217.44,217.44,
2008-10-09,216.95,216.95,216.95,216.95,
2008-10-10,216.37,216.37,216.37,216.37,
2008-10-13,215.93,215.93,215.93,215.93,
2008-10-14,215.71,215.71,215.71,215.71,
2008-10-15,214.74,214.74,214.74,214.74,
2008-10-16,211.92,211.92,211.92,211.92,
2008-10-17,209.9,209.9,209.9,209.9,
2008-10-20,211.08,211.08,211.08,211.08,
2008-10-21,208.51,208.51,208.51,208.51,
2008-10-22,207.04,207.04,207.04,207.04,
2008-10-23,206.88,206.88,206.88,206.88,
2008-10-24,202.19,202.19,202.19,202.19,
2008-10-27,200.93,200.93,200.93,200.93,
2008-10-28,200.74,200.74,200.74,200.74,
2008-10-29,196.26,196.26,196.26,196.26,
2008-10-30,195.83,195.83,195.83,195.83,
2008-10-31,194.02,194.02,194.02,194.02,
2008-11-03,190.68,190.68,190.68,190.68,
2008-11-04,189.21,189.21,189.21,189.21,
2008-11-05,188.09,188.09,188.09,188.09,
2008-11-06,190.01,190.01,190.01,190.01,
2008-11-07,186.71,186.71,186.71,186.71,
2008-11-10,186.46,186.46,186.46,186.46,
2008-11-11,181.42,181.42,181.42,181.42,
2008-11-12,180.76,180.76,180.76,180.76,
2008-11-13,180.83,180.83,180.83,180.83,
2008-11-14,178.18,178.18,178.18,178.18,
2008-11-17,178.67,178.67,178.67,178.67,
2008-11-18,179.42,179.42,179.42,179.42,
2008-11-19,179.36,179.36,179.36,179.36,
2008-11-20,177.52,177.52,177.52,177.52,
2008-11-21,177.15,177.15,177.15,177.15,
2008-11-24,176.98,176.98,176.98,176.98,
2008-11-25,176.43,176.43,176.43,176.43,
2008-11-26,173.79,173.79,173.79,173.79,
2008-11-27,173.87,173.87,173.87,173.87,
2008-11-28,174.01,174.01,174.01,174.01,
2008-12-01,178.19,178.19,178.19,178.19,
2008-12-02,182.07,182.07,182.07,182.07,
2008-12-03,179.83,179.83,179.83,179.83,
2008-12-04,191.39,191.39,191.39,191.39,
2008-12-05,192.08,192.08,192.08,192.08,
2008-12-09,191.18,191.18,191.18,191.18,
2008-12-10,189.04,189.04,189.04,189.04,
2008-12-11,189.22,189.22,189.22,189.22,
2008-12-12,185.95,185.95,185.95,185.95,
2008-12-15,182.77,182.77,182.77,182.77,
2008-12-16,179.32,179.32,179.32,179.32,
2008-12-17,181.68,181.68,181.68,181.68,
2008-12-18,177.07,177.07,177.07,177.07,
2008-12-19,179.99,179.99,179.99,179.99,
2008-12-22,180.23,180.23,180.23,180.23,
2008-12-23,180.72,180.72,180.72,180.72,
2008-12-24,180.55,180.55,180.55,180.55,
2008-12-26,179.39,179.39,179.39,179.39,
2008-12-29,179.28,179.28,179.28,179.28,
2008-12-30,178.83,178.83,178.83,178.83,
2008-12-31,178.17,178.17,178.17,178.17,
2009-01-02,175.65,175.65,175.65,175.65,
2009-01-05,175.48,175.48,175.48,175.48,
2009-01-06,172.53,172.53,172.53,172.53,
2009-01-07,170.92,170.92,170.92,170.92,
2009-01-08,170.92,170.92,170.92,170.92,
2009-01-09,169.96,169.96,169.96,169.96,
2009-01-12,168.3,168.3,168.3,168.3,
2009-01-13,168.62,168.62,168.62,168.62,
2009-01-14,168.53,168.53,168.53,168.53,
2009-01-15,166.74,166.74,166.74,166.74,
2009-01-16,167.0,167.0,167.0,167.0,
2009-01-19,166.67,166.67,166.67,166.67,
2009-01-20,168.39,168.39,168.39,168.39,
2009-01-21,169.9,169.9,169.9,169.9,
2009-01-22,169.41,169.41,169.41,169.41,
2009-01-23,169.37,169.37,169.37,169.37,
2009-01-26,174.8,174.8,174.8,174.8,
2009-01-27,176.22,176.22,176.22,176.22,
2009-01-28,174.51,174.51,174.51,174.51,
2009-01-29,176.27,176.27,176.27,176.27,
2009-01-30,174.05,174.05,174.05,174.05,
2009-02-02,173.76,173.76,173.76,173.76,
2009-02-03,173.03,173.03,173.03,173.03,
2009-02-04,172.42,172.42,172.42,172.42,
2009-02-05,172.22,172.22,172.22,172.22,
2009-02-06,172.11,172.11,172.11,172.11,
2009-02-09,170.3,170.3,170.3,170.3,
2009-02-10,167.96,167.96,167.96,167.96,
2009-02-11,169.43,169.43,169.43,169.43,
2009-02-12,167.58,167.58,167.58,167.58,
2009-02-13,169.34,169.34,169.34,169.34,
2009-02-16,171.34,171.34,171.34,171.34,
2009-02-17,171.13,171.13,171.13,171.13,
2009-02-18,170.86,170.86,170.86,170.86,
2009-02-19,170.63,170.63,170.63,170.63,
2009-02-20,170.77,170.77,170.77,170.77,
2009-02-23,170.76,170.76,170.76,170.76,
2009-02-24,170.1,170.1,170.1,170.1,
2009-02-25,168.22,168.22,168.22,168.22,
2009-02-26,168.02,168.02,168.02,168.02,
2009-02-27,167.68,167.68,167.68,167.68,
2009-03-02,167.29,167.29,167.29,167.29,
2009-03-03,165.72,165.72,165.72,165.72,
2009-03-04,165.09,165.09,165.09,165.09,
2009-03-05,165.24,165.24,165.24,165.24,
2009-03-06,162.93,162.93,162.93,162.93,
2009-03-10,162.94,162.94,162.94,162.94,
2009-03-11,162.62,162.62,162.62,162.62,
2009-03-12,161.13,161.13,161.13,161.13,
2009-03-13,157.35,157.35,157.35,157.35,
2009-03-16,159.0,159.0,159.0,159.0,
2009-03-17,159.0,159.0,159.0,159.0,
2009-03-18,157.32,157.32,157.32,157.32,
2009-03-19,155.45,155.45,155.45,155.45,
2009-03-20,153.18,153.18,153.18,153.18,
2009-03-23,152.78,152.78,152.78,152.78,
2009-03-24,150.3,150.3,150.3,150.3,
2009-03-25,149.95,149.95,149.95,149.95,
2009-03-26,151.23,151.23,151.23,151.23,
2009-03-27,149.41,149.41,149.41,149.41,
2009-03-30,149.59,149.59,149.59,149.59,
2009-03-31,149.08,149.08,149.08,149.08,
2009-04-01,149.0,149.0,149.0,149.0,
2009-04-02,148.29,148.29,148.29,148.29,
2009-04-03,147.92,147.92,147.92,147.92,
2009-04-06,147.59,147.59,147.59,147.59,
2009-04-07,147.3,147.3,147.3,147.3,
2009-04-08,145.43,145.43,145.43,145.43,
2009-04-09,141.96,141.96,141.96,141.96,
2009-04-10,145.16,145.16,145.16,145.16,
2009-04-14,145.65,145.65,145.65,145.65,
2009-04-15,145.5,145.5,145.5,145.5,
2009-04-16,143.3,143.3,143.3,143.3,
2009-04-17,141.87,141.87,141.87,141.87,
2009-04-20,142.08,142.08,142.08,142.08,
2009-04-21,140.52,140.52,140.52,140.52,
2009-04-22,140.02,140.02,140.02,140.02,
2009-04-23,140.27,140.27,140.27,140.27,
2009-04-24,139.61,139.61,139.61,139.61,
2009-04-27,141.48,141.48,141.48,141.48,
2009-04-28,138.06,138.06,138.06,138.06,
2009-04-29,138.53,138.53,138.53,138.53,
2009-04-30,138.65,138.65,138.65,138.65,
2009-05-04,138.45,138.45,138.45,138.45,
2009-05-05,139.8,139.8,139.8,139.8,
2009-05-06,138.38,138.38,138.38,138.38,
2009-05-07,137.57,137.57,137.57,137.57,
2009-05-08,138.16,138.16,138.16,138.16,
2009-05-11,138.85,138.85,138.85,138.85,
2009-05-12,136.21,136.21,136.21,136.21,
2009-05-13,136.15,136.15,136.15,136.15,
2009-05-14,135.64,135.64,135.64,135.64,
2009-05-15,135.6,135.6,135.6,135.6,
2009-05-18,135.34,135.34,135.34,135.34,
2009-05-19,135.67,135.67,135.67,135.67,
2009-05-20,135.64,135.64,135.64,135.64,
2009-05-22,134.09,134.09,134.09,134.09,
2009-05-25,133.42,133.42,133.42,133.42,
2009-05-26,131.11,131.11,131.11,131.11,
2009-05-27,130.87,130.87,130.87,130.87,
2009-05-28,130.44,130.44,130.44,130.44,
2009-05-29,129.89,129.89,129.89,129.89,
2009-06-02,128.35,128.35,128.35,128.35,
2009-06-03,128.65,128.65,128.65,128.65,
2009-06-04,128.75,128.75,128.75,128.75,
2009-06-05,125.99,125.99,125.99,125.99,
2009-06-08,125.85,125.85,125.85,125.85,
2009-06-09,127.6,127.6,127.6,127.6,
2009-06-10,129.28,129.28,129.28,129.28,
2009-06-11,128.62,128.62,128.62,128.62,
2009-06-12,128.99,128.99,128.99,128.99,
2009-06-15,129.93,129.93,129.93,129.93,
2009-06-16,133.28,133.28,133.28,133.28,
2009-06-17,133.54,133.54,133.54,133.54,
2009-06-18,134.95,134.95,134.95,134.95,
2009-06-19,135.4,135.4,135.4,135.4,
2009-06-22,140.96,140.96,140.96,140.96,
2009-06-23,141.4,141.4,141.4,141.4,
2009-06-24,141.92,141.92,141.92,141.92,
2009-06-25,144.51,144.51,144.51,144.51,
2009-06-26,145.52,145.52,145.52,145.52,
2009-06-29,145.61,145.61,145.61,145.61,
2009-06-30,144.01,144.01,144.01,144.01,
2009-07-01,144.56,144.56,144.56,144.56,
2009-07-02,144.53,144.53,144.53,144.53,
2009-07-03,142.23,142.23,142.23,142.23,
2009-07-06,140.55,140.55,140.55,140.55,
2009-07-07,139.06,139.06,139.06,139.06,
2009-07-08,139.15,139.15,139.15,139.15,
2009-07-09,139.72,139.72,139.72,139.72,
2009-07-10,138.83,138.83,138.83,138.83,
2009-07-13,137.8,137.8,137.8,137.8,
2009-07-14,136.7,136.7,136.7,136.7,
2009-07-15,136.67,136.67,136.67,136.67,
2009-07-16,137.76,137.76,137.76,137.76,
2009-07-17,136.68,136.68,136.68,136.68,
2009-07-20,135.35,135.35,135.35,135.35,
2009-07-21,134.0,134.0,134.0,134.0,
2009-07-22,133.2,133.2,133.2,133.2,
2009-07-23,134.09,134.09,134.09,134.09,
2009-07-24,134.14,134.14,134.14,134.14,
2009-07-27,134.37,134.37,134.37,134.37,
2009-07-28,136.8,136.8,136.8,136.8,
2009-07-29,139.49,139.49,139.49,139.49,
2009-07-30,141.04,141.04,141.04,141.04,
2009-07-31,138.25,138.25,138.25,138.25,
2009-08-03,136.61,136.61,136.61,136.61,
2009-08-04,138.07,138.07,138.07,138.07,
2009-08-05,135.62,135.62,135.62,135.62,
2009-08-06,135.56,135.56,135.56,135.56,
2009-08-10,135.75,135.75,135.75,135.75,
2009-08-11,136.82,136.82,136.82,136.82,
2009-08-12,137.75,137.75,137.75,137.75,
2009-08-13,137.04,137.04,137.04,137.04,
2009-08-14,136.72,136.72,136.72,136.72,
2009-08-17,137.18,137.18,137.18,137.18,
2009-08-18,138.09,138.09,138.09,138.09,
2009-08-19,137.73,137.73,137.73,137.73,
2009-08-20,138.24,138.24,138.24,138.24,
2009-08-21,136.63,136.63,136.63,136.63,
2009-08-24,138.42,138.42,138.42,138.42,
2009-08-25,138.55,138.55,138.55,138.55,
2009-08-26,138.5,138.5,138.5,138.5,
2009-08-27,137.12,137.12,137.12,137.12,
2009-08-28,137.2,137.2,137.2,137.2,
2009-08-31,137.78,137.78,137.78,137.78,
2009-09-01,136.71,136.71,136.71,136.71,
2009-09-02,139.05,139.05,139.05,139.05,
2009-09-03,137.87,137.87,137.87,137.87,
2009-09-04,136.94,136.94,136.94,136.94,
2009-09-07,137.18,137.18,137.18,137.18,
2009-09-08,135.94,135.94,135.94,135.94,
2009-09-09,134.97,134.97,134.97,134.97,
2009-09-10,135.79,135.79,135.79,135.79,
2009-09-11,135.62,135.62,135.62,135.62,
2009-09-14,135.3,135.3,135.3,135.3,
2009-09-15,135.41,135.41,135.41,135.41,
2009-09-16,135.17,135.17,135.17,135.17,
2009-09-18,135.74,135.74,135.74,135.74,
2009-09-21,136.34,136.34,136.34,136.34,
2009-09-22,136.61,136.61,136.61,136.61,
2009-09-23,135.77,135.77,135.77,135.77,
2009-09-24,134.48,134.48,134.48,134.48,
2009-09-25,134.58,134.58,134.58,134.58,
2009-09-28,134.97,134.97,134.97,134.97,
2009-09-29,135.22,135.22,135.22,135.22,
2009-09-30,135.29,135.29,135.29,135.29,
2009-10-01,134.79,134.79,134.79,134.79,
2009-10-02,134.56,134.56,134.56,134.56,
2009-10-05,134.78,134.78,134.78,134.78,
2009-10-06,134.41,134.41,134.41,134.41,
2009-10-07,134.17,134.17,134.17,134.17,
2009-10-08,134.02,134.02,134.02,134.02,
2009-10-09,133.91,133.91,133.91,133.91,
2009-10-12,133.78,133.78,133.78,133.78,
2009-10-13,133.95,133.95,133.95,133.95,
2009-10-14,136.28,136.28,136.28,136.28,
2009-10-15,133.56,133.56,133.56,133.56,
2009-10-16,133.84,133.84,133.84,133.84,
2009-10-19,133.77,133.77,133.77,133.77,
2009-10-20,133.87,133.87,133.87,133.87,
2009-10-21,133.79,133.79,133.79,133.79,
2009-10-22,134.2,134.2,134.2,134.2,
2009-10-23,133.98,133.98,133.98,133.98,
2009-10-26,133.83,133.83,133.83,133.83,
2009-10-27,133.73,133.73,133.73,133.73,
2009-10-28,133.59,133.59,133.59,133.59,
2009-10-29,133.54,133.54,133.54,133.54,
2009-10-30,133.52,133.52,133.52,133.52,
2009-11-02,133.33,133.33,133.33,133.33,
2009-11-03,132.6,132.6,132.6,132.6,
2009-11-04,132.01,132.01,132.01,132.01,
2009-11-05,132.57,132.57,132.57,132.57,
2009-11-06,132.28,132.28,132.28,132.28,
2009-11-09,131.71,131.71,131.71,131.71,
2009-11-10,131.1,131.1,131.1,131.1,
2009-11-11,129.87,129.87,129.87,129.87,
2009-11-12,130.27,130.27,130.27,130.27,
2009-11-13,130.53,130.53,130.53,130.53,
2009-11-16,130.55,130.55,130.55,130.55,
2009-11-17,130.85,130.85,130.85,130.85,
2009-11-18,131.16,131.16,131.16,131.16,
2009-11-19,131.21,131.21,131.21,131.21,
2009-11-20,131.91,131.91,131.91,131.91,
2009-11-23,132.04,132.04,132.04,132.04,
2009-11-24,131.96,131.96,131.96,131.96,
2009-11-25,131.94,131.94,131.94,131.94,
2009-11-26,131.94,131.94,131.94,131.94,
2009-11-30,132.21,132.21,132.21,132.21,
2009-12-01,131.87,131.87,131.87,131.87,
2009-12-02,131.88,131.88,131.88,131.88,
2009-12-03,131.87,131.87,131.87,131.87,
2009-12-04,132.36,132.36,132.36,132.36,
2009-12-07,132.35,132.35,132.35,132.35,
2009-12-08,132.16,132.16,132.16,132.16,
2009-12-09,131.57,131.57,131.57,131.57,
2009-12-10,131.28,131.28,131.28,131.28,
2009-12-11,131.28,131.28,131.28,131.28,
2009-12-14,131.69,131.69,131.69,131.69,
2009-12-15,131.31,131.31,131.31,131.31,
2009-12-16,131.35,131.35,131.35,131.35,
2009-12-17,131.7,131.7,131.7,131.7,
2009-12-18,133.14,133.14,133.14,133.14,
2009-12-21,133.01,133.01,133.01,133.01,
2009-12-22,132.89,132.89,132.89,132.89,
2009-12-23,132.84,132.84,132.84,132.84,
2009-12-24,132.57,132.57,132.57,132.57,
2009-12-28,132.69,132.69,132.69,132.69,
2009-12-29,132.75,132.75,132.75,132.75,
2009-12-30,131.98,131.98,131.98,131.98,
2009-12-31,132.05,132.05,132.05,132.05,
2010-01-04,134.38,134.38,134.38,134.38,
2010-01-05,133.88,133.88,133.88,133.88,
2010-01-06,133.14,133.14,133.14,133.14,
2010-01-07,130.92,130.92,130.92,130.92,
2010-01-08,131.91,131.91,131.91,131.91,
2010-01-11,133.01,133.01,133.01,133.01,
2010-01-12,132.98,132.98,132.98,132.98,
2010-01-13,133.78,133.78,133.78,133.78,
2010-01-14,133.07,133.07,133.07,133.07,
2010-01-15,132.42,132.42,132.42,132.42,
2010-01-18,133.13,133.13,133.13,133.13,
2010-01-19,131.98,131.98,131.98,131.98,
2010-01-20,132.55,132.55,132.55,132.55,
2010-01-21,132.4,132.4,132.4,132.4,
2010-01-22,132.36,132.36,132.36,132.36,
2010-01-25,132.31,132.31,132.31,132.31,
2010-01-26,132.13,132.13,132.13,132.13,
2010-01-27,129.93,129.93,129.93,129.93,
2010-01-28,130.1,130.1,130.1,130.1,
2010-01-29,131.85,131.85,131.85,131.85,
2010-02-01,131.66,131.66,131.66,131.66,
2010-02-02,131.98,131.98,131.98,131.98,
2010-02-03,132.12,132.12,132.12,132.12,
2010-02-04,132.96,132.96,132.96,132.96,
2010-02-05,132.36,132.36,132.36,132.36,
2010-02-08,132.08,132.08,132.08,132.08,
2010-02-09,132.1,132.1,132.1,132.1,
2010-02-10,132.36,132.36,132.36,132.36,
2010-02-11,132.36,132.36,132.36,132.36,
2010-02-12,131.43,131.43,131.43,131.43,
2010-02-15,134.61,134.61,134.61,134.61,
2010-02-16,132.86,132.86,132.86,132.86,
2010-02-17,132.91,132.91,132.91,132.91,
2010-02-18,134.02,134.02,134.02,134.02,
2010-02-19,133.91,133.91,133.91,133.91,
2010-02-22,135.18,135.18,135.18,135.18,
2010-02-23,136.57,136.57,136.57,136.57,
2010-02-24,137.02,137.02,137.02,137.02,
2010-02-25,137.13,137.13,137.13,137.13,
2010-03-01,137.12,137.12,137.12,137.12,
2010-03-02,136.67,136.67,136.67,136.67,
2010-03-03,137.75,137.75,137.75,137.75,
2010-03-04,135.61,135.61,135.61,135.61,
2010-03-05,137.73,137.73,137.73,137.73,
2010-03-08,137.82,137.82,137.82,137.82,
2010-03-09,139.77,139.77,139.77,139.77,
2010-03-10,139.52,139.52,139.52,139.52,
2010-03-11,140.23,140.23,140.23,140.23,
2010-03-12,140.58,140.58,140.58,140.58,
2010-03-15,140.86,140.86,140.86,140.86,
2010-03-16,140.69,140.69,140.69,140.69,
2010-03-17,141.48,141.48,141.48,141.48,
2010-03-18,141.45,141.45,141.45,141.45,
2010-03-19,141.56,141.56,141.56,141.56,
2010-03-22,141.69,141.69,141.69,141.69,
2010-03-23,142.21,142.21,142.21,142.21,
2010-03-24,142.5,142.5,142.5,142.5,
2010-03-25,142.46,142.46,142.46,142.46,
2010-03-26,142.28,142.28,142.28,142.28,
2010-03-29,143.08,143.08,143.08,143.08,
2010-03-30,142.36,142.36,142.36,142.36,
2010-03-31,143.11,143.11,143.11,143.11,
2010-04-01,142.98,142.98,142.98,142.98,
2010-04-02,143.06,143.06,143.06,143.06,
2010-04-06,143.03,143.03,143.03,143.03,
2010-04-07,146.35,146.35,146.35,146.35,
2010-04-08,146.2,146.2,146.2,146.2,
2010-04-09,147.24,147.24,147.24,147.24,
2010-04-12,159.89,159.89,159.89,159.89,
2010-04-13,149.21,149.21,149.21,149.21,
2010-04-14,149.56,149.56,149.56,149.56,
2010-04-15,148.86,148.86,148.86,148.86,
2010-04-16,149.02,149.02,149.02,149.02,
2010-04-19,151.98,151.98,151.98,151.98,
2010-04-20,152.4,152.4,152.4,152.4,
2010-04-21,153.98,153.98,153.98,153.98,
2010-04-22,152.85,152.85,152.85,152.85,
2010-04-23,153.33,153.33,153.33,153.33,
2010-04-26,152.39,152.39,152.39,152.39,
2010-04-27,152.4,152.4,152.4,152.4,
2010-04-28,150.29,150.29,150.29,150.29,
2010-04-29,148.05,148.05,148.05,148.05,
2010-04-30,146.73,146.73,146.73,146.73,
2010-05-03,145.41,145.41,145.41,145.41,
2010-05-04,144.97,144.97,144.97,144.97,
2010-05-05,144.86,144.86,144.86,144.86,
2010-05-06,145.09,145.09,145.09,145.09,
2010-05-07,145.02,145.02,145.02,145.02,
2010-05-10,145.06,145.06,145.06,145.06,
2010-05-11,144.61,144.61,144.61,144.61,
2010-05-12,144.83,144.83,144.83,144.83,
2010-05-14,146.0,146.0,146.0,146.0,
2010-05-17,145.95,145.95,145.95,145.95,
2010-05-18,145.51,145.51,145.51,145.51,
2010-05-19,146.43,146.43,146.43,146.43,
2010-05-20,146.8,146.8,146.8,146.8,
2010-05-21,147.53,147.53,147.53,147.53,
2010-05-25,147.46,147.46,147.46,147.46,
2010-05-26,147.24,147.24,147.24,147.24,
2010-05-27,147.25,147.25,147.25,147.25,
2010-05-28,146.97,146.97,146.97,146.97,
2010-05-31,149.89,149.89,149.89,149.89,
2010-06-01,150.15,150.15,150.15,150.15,
2010-06-02,150.25,150.25,150.25,150.25,
2010-06-03,150.78,150.78,150.78,150.78,
2010-06-04,151.37,151.37,151.37,151.37,
2010-06-07,149.3,149.3,149.3,149.3,
2010-06-08,149.6,149.6,149.6,149.6,
2010-06-09,148.14,148.14,148.14,148.14,
2010-06-10,147.95,147.95,147.95,147.95,
2010-06-11,147.55,147.55,147.55,147.55,
2010-06-14,145.76,145.76,145.76,145.76,
2010-06-15,146.86,146.86,146.86,146.86,
2010-06-16,147.23,147.23,147.23,147.23,
2010-06-17,147.45,147.45,147.45,147.45,
2010-06-18,146.7,146.7,146.7,146.7,
2010-06-21,145.27,145.27,145.27,145.27,
2010-06-22,145.49,145.49,145.49,145.49,
2010-06-23,145.11,145.11,145.11,145.11,
2010-06-24,144.9,144.9,144.9,144.9,
2010-06-25,144.82,144.82,144.82,144.82,
2010-06-28,143.52,143.52,143.52,143.52,
2010-06-29,143.59,143.59,143.59,143.59,
2010-06-30,142.76,142.76,142.76,142.76,
2010-07-01,142.68,142.68,142.68,142.68,
2010-07-02,141.71,141.71,141.71,141.71,
2010-07-05,141.49,141.49,141.49,141.49,
2010-07-06,139.06,139.06,139.06,139.06,
2010-07-07,139.75,139.75,139.75,139.75,
2010-07-08,139.92,139.92,139.92,139.92,
2010-07-09,140.55,140.55,140.55,140.55,
2010-07-12,140.24,140.24,140.24,140.24,
2010-07-13,141.13,141.13,141.13,141.13,
2010-07-14,141.23,141.23,141.23,141.23,
2010-07-15,140.64,140.64,140.64,140.64,
2010-07-16,140.64,140.64,140.64,140.64,
2010-07-19,142.22,142.22,142.22,142.22,
2010-07-20,142.0,142.0,142.0,142.0,
2010-07-21,141.98,141.98,141.98,141.98,
2010-07-22,140.41,140.41,140.41,140.41,
2010-07-23,140.82,140.82,140.82,140.82,
2010-07-26,141.39,141.39,141.39,141.39,
2010-07-27,142.29,142.29,142.29,142.29,
2010-07-28,142.28,142.28,142.28,142.28,
2010-07-29,143.74,143.74,143.74,143.74,
2010-07-30,142.6,142.6,142.6,142.6,
2010-08-02,142.91,142.91,142.91,142.91,
2010-08-03,142.93,142.93,142.93,142.93,
2010-08-04,142.55,142.55,142.55,142.55,
2010-08-05,143.79,143.79,143.79,143.79,
2010-08-06,143.97,143.97,143.97,143.97,
2010-08-09,144.92,144.92,144.92,144.92,
2010-08-10,144.14,144.14,144.14,144.14,
2010-08-11,144.04,144.04,144.04,144.04,
2010-08-12,144.08,144.08,144.08,144.08,
2010-08-13,144.06,144.06,144.06,144.06,
2010-08-16,144.49,144.49,144.49,144.49,
2010-08-17,144.55,144.55,144.55,144.55,
2010-08-18,142.86,142.86,142.86,142.86,
2010-08-19,142.69,142.69,142.69,142.69,
2010-08-20,141.62,141.62,141.62,141.62,
2010-08-23,141.1,141.1,141.1,141.1,
2010-08-24,141.26,141.26,141.26,141.26,
2010-08-25,141.58,141.58,141.58,141.58,
2010-08-26,143.69,143.69,143.69,143.69,
2010-08-27,145.25,145.25,145.25,145.25,
2010-08-30,144.67,144.67,144.67,144.67,
2010-08-31,144.33,144.33,144.33,144.33,
2010-09-01,145.65,145.65,145.65,145.65,
2010-09-02,145.3,145.3,145.3,145.3,
2010-09-03,145.99,145.99,145.99,145.99,
2010-09-07,145.21,145.21,145.21,145.21,
2010-09-08,144.23,144.23,144.23,144.23,
2010-09-09,145.05,145.05,145.05,145.05,
2010-09-13,144.63,144.63,144.63,144.63,
2010-09-14,144.88,144.88,144.88,144.88,
2010-09-15,143.76,143.76,143.76,143.76,
2010-09-16,144.37,144.37,144.37,144.37,
2010-09-17,143.97,143.97,143.97,143.97,
2010-09-20,144.27,144.27,144.27,144.27,
2010-09-21,144.59,144.59,144.59,144.59,
2010-09-22,144.9,144.9,144.9,144.9,
2010-09-23,145.52,145.52,145.52,145.52,
2010-09-24,145.48,145.48,145.48,145.48,
2010-09-27,147.48,147.48,147.48,147.48,
2010-09-28,145.88,145.88,145.88,145.88,
2010-09-29,147.64,147.64,147.64,147.64,
2010-09-30,147.67,147.67,147.67,147.67,
2010-10-01,147.75,147.75,147.75,147.75,
2010-10-04,148.21,148.21,148.21,148.21,
2010-10-05,148.45,148.45,148.45,148.45,
2010-10-06,148.21,148.21,148.21,148.21,
2010-10-07,148.46,148.46,148.46,148.46,
2010-10-08,148.73,148.73,148.73,148.73,
2010-10-11,149.04,149.04,149.04,149.04,
2010-10-12,149.4,149.4,149.4,149.4,
2010-10-13,148.92,148.92,148.92,148.92,
2010-10-14,149.93,149.93,149.93,149.93,
2010-10-15,150.06,150.06,150.06,150.06,
2010-10-18,150.03,150.03,150.03,150.03,
2010-10-19,149.69,149.69,149.69,149.69,
2010-10-20,150.14,150.14,150.14,150.14,
2010-10-21,150.16,150.16,150.16,150.16,
2010-10-22,150.5,150.5,150.5,150.5,
2010-10-25,149.78,149.78,149.78,149.78,
2010-10-26,150.4,150.4,150.4,150.4,
2010-10-27,150.52,150.52,150.52,150.52,
2010-10-28,151.28,151.28,151.28,151.28,
2010-10-29,154.37,154.37,154.37,154.37,
2010-11-02,154.66,154.66,154.66,154.66,
2010-11-03,155.48,155.48,155.48,155.48,
2010-11-04,158.12,158.12,158.12,158.12,
2010-11-05,159.17,159.17,159.17,159.17,
2010-11-08,159.64,159.64,159.64,159.64,
2010-11-09,158.51,158.51,158.51,158.51,
2010-11-10,157.76,157.76,157.76,157.76,
2010-11-11,158.1,158.1,158.1,158.1,
2010-11-12,157.32,157.32,157.32,157.32,
2010-11-17,157.05,157.05,157.05,157.05,
2010-11-18,157.89,157.89,157.89,157.89,
2010-11-19,157.45,157.45,157.45,157.45,
2010-11-22,157.81,157.81,157.81,157.81,
2010-11-23,157.16,157.16,157.16,157.16,
2010-11-24,156.31,156.31,156.31,156.31,
2010-11-25,157.17,157.17,157.17,157.17,
2010-11-26,157.39,157.39,157.39,157.39,
2010-11-29,157.55,157.55,157.55,157.55,
2010-11-30,157.09,157.09,157.09,157.09,
2010-12-01,156.82,156.82,156.82,156.82,
2010-12-02,156.81,156.81,156.81,156.81,
2010-12-03,158.33,158.33,158.33,158.33,
2010-12-06,156.87,156.87,156.87,156.87,
2010-12-07,155.21,155.21,155.21,155.21,
2010-12-08,156.29,156.29,156.29,156.29,
2010-12-09,156.3,156.3,156.3,156.3,
2010-12-10,156.49,156.49,156.49,156.49,
2010-12-13,155.95,155.95,155.95,155.95,
2010-12-14,156.13,156.13,156.13,156.13,
2010-12-15,156.14,156.14,156.14,156.14,
2010-12-16,156.43,156.43,156.43,156.43,
2010-12-17,156.68,156.68,156.68,156.68,
2010-12-20,156.86,156.86,156.86,156.86,
2010-12-21,157.51,157.51,157.51,157.51,
2010-12-22,158.1,158.1,158.1,158.1,
2010-12-23,158.77,158.77,158.77,158.77,
2010-12-24,158.63,158.63,158.63,158.63,
2010-12-27,159.33,159.33,159.33,159.33,
2010-12-28,159.04,159.04,159.04,159.04,
2010-12-29,159.01,159.01,159.01,159.01,
2010-12-30,158.86,158.86,158.86,158.86,
2010-12-31,159.1,159.1,159.1,159.1,
2011-01-03,159.32,159.32,159.32,159.32,
2011-01-04,159.63,159.63,159.63,159.63,
2011-01-05,160.25,160.25,160.25,160.25,
2011-01-06,163.23,163.23,163.23,163.23,
2011-01-07,168.94,168.94,168.94,168.94,
2011-01-10,174.43,174.43,174.43,174.43,
2011-01-11,174.89,174.89,174.89,174.89,
2011-01-12,174.49,174.49,174.49,174.49,
2011-01-13,174.63,174.63,174.63,174.63,
2011-01-14,173.32,173.32,173.32,173.32,
2011-01-17,171.75,171.75,171.75,171.75,
2011-01-18,170.86,170.86,170.86,170.86,
2011-01-19,170.43,170.43,170.43,170.43,
2011-01-20,168.83,168.83,168.83,168.83,
2011-01-21,169.06,169.06,169.06,169.06,
2011-01-24,169.21,169.21,169.21,169.21,
2011-01-25,168.88,168.88,168.88,168.88,
2011-01-26,168.59,168.59,168.59,168.59,
2011-01-27,168.21,168.21,168.21,168.21,
2011-01-28,165.3,165.3,165.3,165.3,
2011-01-31,165.02,165.02,165.02,165.02,
2011-02-01,158.95,158.95,158.95,158.95,
2011-02-02,158.11,158.11,158.11,158.11,
2011-02-03,157.47,157.47,157.47,157.47,
2011-02-04,159.43,159.43,159.43,159.43,
2011-02-07,161.53,161.53,161.53,161.53,
2011-02-08,160.95,160.95,160.95,160.95,
2011-02-10,161.09,161.09,161.09,161.09,
2011-02-11,159.69,159.69,159.69,159.69,
2011-03-01,159.69,159.69,159.69,159.69,
2011-03-02,160.16,160.16,160.16,160.16,
2011-03-03,159.7,159.7,159.7,159.7,
2011-03-04,159.7,159.7,159.7,159.7,
2011-03-07,161.95,161.95,161.95,161.95,
2011-03-08,161.95,161.95,161.95,161.95,
2011-03-09,162.01,162.01,162.01,162.01,
2011-03-10,161.95,161.95,161.95,161.95,
2011-03-11,162.4,162.4,162.4,162.4,
2011-03-14,162.1,162.1,162.1,162.1,
2011-03-15,161.73,161.73,161.73,161.73,
2011-03-16,162.18,162.18,162.18,162.18,
2011-03-17,162.18,162.18,162.18,162.18,
2011-03-18,162.17,162.17,162.17,162.17,
2011-03-21,161.79,161.79,161.79,161.79,
2011-03-22,161.76,161.76,161.76,161.76,
2011-03-23,161.33,161.33,161.33,161.33,
2011-03-24,161.3,161.3,161.3,161.3,
2011-03-25,161.75,161.75,161.75,161.75,
2011-03-28,161.75,161.75,161.75,161.75,
2011-03-29,161.72,161.72,161.72,161.72,
2011-03-30,161.28,161.28,161.28,161.28,
2011-03-31,161.29,161.29,161.29,161.29,
2011-04-01,161.29,161.29,161.29,161.29,
2011-04-04,161.21,161.21,161.21,161.21,
2011-04-05,161.21,161.21,161.21,161.21,
2011-04-06,160.76,160.76,160.76,160.76,
2011-04-07,160.76,160.76,160.76,160.76,
2011-04-08,160.76,160.76,160.76,160.76,
2011-04-11,160.76,160.76,160.76,160.76,
2011-04-12,160.31,160.31,160.31,160.31,
2011-04-13,159.89,159.89,159.89,159.89,
2011-04-14,159.48,159.48,159.48,159.48,
2011-04-15,159.47,159.47,159.47,159.47,
2011-04-18,159.92,159.92,159.92,159.92,
2011-04-19,160.37,160.37,160.37,160.37,
2011-04-20,159.44,159.44,159.44,159.44,
2011-04-21,158.98,158.98,158.98,158.98,
2011-04-22,158.98,158.98,158.98,158.98,
2011-04-26,158.9,158.9,158.9,158.9,
2011-04-27,158.32,158.32,158.32,158.32,
2011-04-28,158.76,158.76,158.76,158.76,
2011-04-29,157.93,157.93,157.93,157.93,
2011-05-03,158.19,158.19,158.19,158.19,
2011-05-04,158.11,158.11,158.11,158.11,
2011-05-05,158.57,158.57,158.57,158.57,
2011-05-06,154.08,154.08,154.08,154.08,
2011-05-09,154.08,154.08,154.08,154.08,
2011-05-10,153.52,153.52,153.52,153.52,
2011-05-11,153.06,153.06,153.06,153.06,
2011-05-12,152.18,152.18,152.18,152.18,
2011-05-13,151.46,151.46,151.46,151.46,
2011-05-16,151.46,151.46,151.46,151.46,
2011-05-17,151.85,151.85,151.85,151.85,
2011-05-18,151.74,151.74,151.74,151.74,
2011-05-19,152.51,152.51,152.51,152.51,
2011-05-20,152.66,152.66,152.66,152.66,
2011-05-23,147.36,147.36,147.36,147.36,
2011-05-24,152.45,152.45,152.45,152.45,
2011-05-25,152.59,152.59,152.59,152.59,
2011-05-26,153.36,153.36,153.36,153.36,
2011-05-27,154.56,154.56,154.56,154.56,
2011-05-30,155.2,155.2,155.2,155.2,
2011-05-31,155.43,155.43,155.43,155.43,
2011-06-01,156.2,156.2,156.2,156.2,
2011-06-03,157.21,157.21,157.21,157.21,
2011-06-06,156.41,156.41,156.41,156.41,
2011-06-07,157.6,157.6,157.6,157.6,
2011-06-08,156.56,156.56,156.56,156.56,
2011-06-09,156.49,156.49,156.49,156.49,
2011-06-10,156.67,156.67,156.67,156.67,
2011-06-14,155.88,155.88,155.88,155.88,
2011-06-15,155.89,155.89,155.89,155.89,
2011-06-16,155.42,155.42,155.42,155.42,
2011-06-17,154.97,154.97,154.97,154.97,
2011-06-20,155.45,155.45,155.45,155.45,
2011-06-21,150.98,150.98,150.98,150.98,
2011-06-22,149.84,149.84,149.84,149.84,
2011-06-23,150.85,150.85,150.85,150.85,
2011-06-24,149.04,149.04,149.04,149.04,
2011-06-27,150.6,150.6,150.6,150.6,
2011-06-28,148.65,148.65,148.65,148.65,
2011-06-29,147.14,147.14,147.14,147.14,
2011-06-30,150.56,150.56,150.56,150.56,
2011-07-01,150.69,150.69,150.69,150.69,
2011-07-04,150.18,150.18,150.18,150.18,
2011-07-05,150.02,150.02,150.02,150.02,
2011-07-06,149.88,149.88,149.88,149.88,
2011-07-07,150.03,150.03,150.03,150.03,
2011-07-08,149.24,149.24,149.24,149.24,
2011-07-11,147.12,147.12,147.12,147.12,
2011-07-12,148.23,148.23,148.23,148.23,
2011-07-13,149.2,149.2,149.2,149.2,
2011-07-14,149.59,149.59,149.59,149.59,
2011-07-15,148.96,148.96,148.96,148.96,
2011-07-18,148.34,148.34,148.34,148.34,
2011-07-19,148.89,148.89,148.89,148.89,
2011-07-20,147.95,147.95,147.95,147.95,
2011-07-21,149.37,149.37,149.37,149.37,
2011-07-22,149.75,149.75,149.75,149.75,
2011-07-25,149.6,149.6,149.6,149.6,
2011-07-26,149.85,149.85,149.85,149.85,
2011-07-27,150.21,150.21,150.21,150.21,
2011-07-28,150.09,150.09,150.09,150.09,
2011-07-29,149.68,149.68,149.68,149.68,
2011-08-01,150.0,150.0,150.0,150.0,
2011-08-02,150.86,150.86,150.86,150.86,
2011-08-03,151.35,151.35,151.35,151.35,
2011-08-04,151.11,151.11,151.11,151.11,
2011-08-05,151.18,151.18,151.18,151.18,
2011-08-09,150.79,150.79,150.79,150.79,
2011-08-10,150.46,150.46,150.46,150.46,
2011-08-11,150.43,150.43,150.43,150.43,
2011-08-12,150.48,150.48,150.48,150.48,
2011-08-16,150.33,150.33,150.33,150.33,
2011-08-17,150.11,150.11,150.11,150.11,
2011-08-18,148.0,148.0,148.0,148.0,
2011-08-19,148.23,148.23,148.23,148.23,
2011-08-22,147.87,147.87,147.87,147.87,
2011-08-23,145.24,145.24,145.24,145.24,
2011-08-24,147.28,147.28,147.28,147.28,
2011-08-25,146.23,146.23,146.23,146.23,
2011-08-26,146.75,146.75,146.75,146.75,
2011-08-29,146.5,146.5,146.5,146.5,
2011-08-31,146.18,146.18,146.18,146.18,
2011-09-01,147.07,147.07,147.07,147.07,
2011-09-02,146.24,146.24,146.24,146.24,
2011-09-05,146.57,146.57,146.57,146.57,
2011-09-06,143.11,143.11,143.11,143.11,
2011-09-07,142.24,142.24,142.24,142.24,
2011-09-08,144.57,144.57,144.57,144.57,
2011-09-09,143.74,143.74,143.74,143.74,
2011-09-12,142.05,142.05,142.05,142.05,
2011-09-13,142.77,142.77,142.77,142.77,
2011-09-14,142.16,142.16,142.16,142.16,
2011-09-15,141.49,141.49,141.49,141.49,
2011-09-16,141.47,141.47,141.47,141.47,
2011-09-19,141.82,141.82,141.82,141.82,
2011-09-20,139.28,139.28,139.28,139.28,
2011-09-21,138.59,138.59,138.59,138.59,
2011-09-22,140.17,140.17,140.17,140.17,
2011-09-23,141.26,141.26,141.26,141.26,
2011-09-26,140.06,140.06,140.06,140.06,
2011-09-27,140.32,140.32,140.32,140.32,
2011-09-28,140.75,140.75,140.75,140.75,
2011-09-29,140.62,140.62,140.62,140.62,
2011-09-30,140.73,140.73,140.73,140.73,
2011-10-03,140.8,140.8,140.8,140.8,
2011-10-04,140.19,140.19,140.19,140.19,
2011-10-05,139.96,139.96,139.96,139.96,
2011-10-06,140.42,140.42,140.42,140.42,
2011-10-07,141.46,141.46,141.46,141.46,
2011-10-10,141.74,141.74,141.74,141.74,
2011-10-11,140.41,140.41,140.41,140.41,
2011-10-12,142.32,142.32,142.32,142.32,
2011-10-13,142.96,142.96,142.96,142.96,
2011-10-14,142.27,142.27,142.27,142.27,
2011-10-17,142.52,142.52,142.52,142.52,
2011-10-18,143.78,143.78,143.78,143.78,
2011-10-19,143.71,143.71,143.71,143.71,
2011-10-20,144.18,144.18,144.18,144.18,
2011-10-21,143.9,143.9,143.9,143.9,
2011-10-24,144.42,144.42,144.42,144.42,
2011-10-25,143.81,143.81,143.81,143.81,
2011-10-26,144.5,144.5,144.5,144.5,
2011-10-27,145.43,145.43,145.43,145.43,
2011-10-28,146.05,146.05,146.05,146.05,
2011-10-31,146.21,146.21,146.21,146.21,
2011-11-02,145.8,145.8,145.8,145.8,
2011-11-03,145.88,145.88,145.88,145.88,
2011-11-04,145.83,145.83,145.83,145.83,
2011-11-08,146.11,146.11,146.11,146.11,
2011-11-09,145.58,145.58,145.58,145.58,
2011-11-10,146.99,146.99,146.99,146.99,
2011-11-11,146.79,146.79,146.79,146.79,
2011-11-14,146.7,146.7,146.7,146.7,
2011-11-16,145.7,145.7,145.7,145.7,
2011-11-17,143.11,143.11,143.11,143.11,
2011-11-18,145.15,145.15,145.15,145.15,
2011-11-21,145.11,145.11,145.11,145.11,
2011-11-22,144.89,144.89,144.89,144.89,
2011-11-23,144.65,144.65,144.65,144.65,
2011-11-24,143.65,143.65,143.65,143.65,
2011-11-25,143.32,143.32,143.32,143.32,
2011-11-28,142.46,142.46,142.46,142.46,
2011-11-29,142.1,142.1,142.1,142.1,
2011-11-30,141.45,141.45,141.45,141.45,
2011-12-01,141.29,141.29,141.29,141.29,
2011-12-02,141.09,141.09,141.09,141.09,
2011-12-05,141.6,141.6,141.6,141.6,
2011-12-06,141.91,141.91,141.91,141.91,
2011-12-07,140.8,140.8,140.8,140.8,
2011-12-08,139.63,139.63,139.63,139.63,
2011-12-09,138.82,138.82,138.82,138.82,
2011-12-12,138.81,138.81,138.81,138.81,
2011-12-13,138.43,138.43,138.43,138.43,
2011-12-14,138.48,138.48,138.48,138.48,
2011-12-15,138.79,138.79,138.79,138.79,
2011-12-16,138.64,138.64,138.64,138.64,
2011-12-19,138.59,138.59,138.59,138.59,
2011-12-20,138.29,138.29,138.29,138.29,
2011-12-21,137.94,137.94,137.94,137.94,
2011-12-22,138.15,138.15,138.15,138.15,
2011-12-23,138.29,138.29,138.29,138.29,
2011-12-27,134.37,134.37,134.37,134.37,
2011-12-28,134.6,134.6,134.6,134.6,
2011-12-29,138.7,138.7,138.7,138.7,
2011-12-30,138.88,138.88,138.88,138.88,
2012-01-02,139.76,139.76,139.76,139.76,
2012-01-03,140.58,140.58,140.58,140.58,
2012-01-04,140.15,140.15,140.15,140.15,
2012-01-05,140.53,140.53,140.53,140.53,
2012-01-06,142.66,142.66,142.66,142.66,
2012-01-09,142.41,142.41,142.41,142.41,
2012-01-10,141.69,141.69,141.69,141.69,
2012-01-11,140.99,140.99,140.99,140.99,
2012-01-12,141.52,141.52,141.52,141.52,
2012-01-13,141.14,141.14,141.14,141.14,
2012-01-16,141.83,141.83,141.83,141.83,
2012-01-17,140.98,140.98,140.98,140.98,
2012-01-18,141.36,141.36,141.36,141.36,
2012-01-19,141.59,141.59,141.59,141.59,
2012-01-20,142.07,142.07,142.07,142.07,
2012-01-23,141.59,141.59,141.59,141.59,
2012-01-24,141.07,141.07,141.07,141.07,
2012-01-25,139.37,139.37,139.37,139.37,
2012-01-26,140.43,140.43,140.43,140.43,
2012-01-27,140.07,140.07,140.07,140.07,
2012-01-30,140.52,140.52,140.52,140.52,
2012-01-31,139.95,139.95,139.95,139.95,
2012-02-01,140.04,140.04,140.04,140.04,
2012-02-02,140.76,140.76,140.76,140.76,
2012-02-03,141.92,141.92,141.92,141.92,
2012-02-06,141.96,141.96,141.96,141.96,
2012-02-07,142.3,142.3,142.3,142.3,
2012-02-08,142.37,142.37,142.37,142.37,
2012-02-09,142.25,142.25,142.25,142.25,
2012-02-10,142.53,142.53,142.53,142.53,
2012-02-14,142.55,142.55,142.55,142.55,
2012-02-15,142.57,142.57,142.57,142.57,
2012-02-16,142.55,142.55,142.55,142.55,
2012-02-17,142.56,142.56,142.56,142.56,
2012-02-20,142.77,142.77,142.77,142.77,
2012-02-21,143.55,143.55,143.55,143.55,
2012-02-22,143.73,143.73,143.73,143.73,
2012-02-23,144.71,144.71,144.71,144.71,
2012-02-24,145.5,145.5,145.5,145.5,
2012-02-27,146.44,146.44,146.44,146.44,
2012-02-28,146.77,146.77,146.77,146.77,
2012-02-29,147.7,147.7,147.7,147.7,
2012-03-01,148.51,148.51,148.51,148.51,
2012-03-02,147.12,147.12,147.12,147.12,
2012-03-05,147.88,147.88,147.88,147.88,
2012-03-06,149.03,149.03,149.03,149.03,
2012-03-07,148.83,148.83,148.83,148.83,
2012-03-08,149.09,149.09,149.09,149.09,
2012-03-09,149.72,149.72,149.72,149.72,
2012-03-12,150.18,150.18,150.18,150.18,
2012-03-13,149.52,149.52,149.52,149.52,
2012-03-14,149.66,149.66,149.66,149.66,
2012-03-15,150.55,150.55,150.55,150.55,
2012-03-16,150.71,150.71,150.71,150.71,
2012-03-19,151.97,151.97,151.97,151.97,
2012-03-20,151.89,151.89,151.89,151.89,
2012-03-21,151.69,151.69,151.69,151.69,
2012-03-22,152.55,152.55,152.55,152.55,
2012-03-23,152.43,152.43,152.43,152.43,
2012-03-26,152.39,152.39,152.39,152.39,
2012-03-27,152.7,152.7,152.7,152.7,
2012-03-28,152.2,152.2,152.2,152.2,
2012-03-29,152.12,152.12,152.12,152.12,
2012-03-30,152.56,152.56,152.56,152.56,
2012-04-02,155.35,155.35,155.35,155.35,
2012-04-03,154.12,154.12,154.12,154.12,
2012-04-04,154.9,154.9,154.9,154.9,
2012-04-05,154.24,154.24,154.24,154.24,
2012-04-06,156.18,156.18,156.18,156.18,
2012-04-10,156.02,156.02,156.02,156.02,
2012-04-11,155.79,155.79,155.79,155.79,
2012-04-12,153.72,153.72,153.72,153.72,
2012-04-13,153.97,153.97,153.97,153.97,
2012-04-16,154.53,154.53,154.53,154.53,
2012-04-17,154.49,154.49,154.49,154.49,
2012-04-18,155.13,155.13,155.13,155.13,
2012-04-19,154.74,154.74,154.74,154.74,
2012-04-20,155.09,155.09,155.09,155.09,
2012-04-23,154.43,154.43,154.43,154.43,
2012-04-24,154.1,154.1,154.1,154.1,
2012-04-25,153.69,153.69,153.69,153.69,
2012-04-26,153.69,153.69,153.69,153.69,
2012-04-27,153.58,153.58,153.58,153.58,
2012-04-30,154.0,154.0,154.0,154.0,
2012-05-02,145.09,145.09,145.09,145.09,
2012-05-03,144.98,144.98,144.98,144.98,
2012-05-04,148.59,148.59,148.59,148.59,
2012-05-07,147.97,147.97,147.97,147.97,
2012-05-08,148.27,148.27,148.27,148.27,
2012-05-09,147.76,147.76,147.76,147.76,
2012-05-10,147.15,147.15,147.15,147.15,
2012-05-11,147.25,147.25,147.25,147.25,
2012-05-14,147.92,147.92,147.92,147.92,
2012-05-15,146.92,146.92,146.92,146.92,
2012-05-16,146.83,146.83,146.83,146.83,
2012-05-18,146.72,146.72,146.72,146.72,
2012-05-21,146.5,146.5,146.5,146.5,
2012-05-22,145.34,145.34,145.34,145.34,
2012-05-23,144.93,144.93,144.93,144.93,
2012-05-24,144.62,144.62,144.62,144.62,
2012-05-25,144.37,144.37,144.37,144.37,
2012-05-29,144.41,144.41,144.41,144.41,
2012-05-30,144.92,144.92,144.92,144.92,
2012-05-31,144.59,144.59,144.59,144.59,
2012-06-01,144.04,144.04,144.04,144.04,
2012-06-04,144.54,144.54,144.54,144.54,
2012-06-05,143.93,143.93,143.93,143.93,
2012-06-06,144.22,144.22,144.22,144.22,
2012-06-07,144.46,144.46,144.46,144.46,
2012-06-08,144.42,144.42,144.42,144.42,
2012-06-11,146.36,146.36,146.36,146.36,
2012-06-12,146.44,146.44,146.44,146.44,
2012-06-13,146.46,146.46,146.46,146.46,
2012-06-14,147.43,147.43,147.43,147.43,
2012-06-15,147.37,147.37,147.37,147.37,
2012-06-18,149.42,149.42,149.42,149.42,
2012-06-19,148.32,148.32,148.32,148.32,
2012-06-20,147.65,147.65,147.65,147.65,
2012-06-21,148.54,148.54,148.54,148.54,
2012-06-22,147.83,147.83,147.83,147.83,
2012-06-25,148.53,148.53,148.53,148.53,
2012-06-26,148.93,148.93,148.93,148.93,
2012-06-27,147.81,147.81,147.81,147.81,
2012-06-28,147.69,147.69,147.69,147.69,
2012-06-29,148.18,148.18,148.18,148.18,
2012-07-02,148.13,148.13,148.13,148.13,
2012-07-03,147.8,147.8,147.8,147.8,
2012-07-04,147.7,147.7,147.7,147.7,
2012-07-05,147.35,147.35,147.35,147.35,
2012-07-06,147.2,147.2,147.2,147.2,
2012-07-09,146.85,146.85,146.85,146.85,
2012-07-10,145.71,145.71,145.71,145.71,
2012-07-11,146.0,146.0,146.0,146.0,
2012-07-12,145.47,145.47,145.47,145.47,
2012-07-13,144.05,144.05,144.05,144.05,
2012-07-16,144.19,144.19,144.19,144.19,
2012-07-17,144.63,144.63,144.63,144.63,
2012-07-18,144.18,144.18,144.18,144.18,
2012-07-19,142.93,142.93,142.93,142.93,
2012-07-20,142.61,142.61,142.61,142.61,
2012-07-23,143.3,143.3,143.3,143.3,
2012-07-24,141.83,141.83,141.83,141.83,
2012-07-25,141.4,141.4,141.4,141.4,
2012-07-26,141.67,141.67,141.67,141.67,
2012-07-27,142.61,142.61,142.61,142.61,
2012-07-30,143.11,143.11,143.11,143.11,
2012-07-31,143.63,143.63,143.63,143.63,
2012-08-01,144.95,144.95,144.95,144.95,
2012-08-02,147.67,147.67,147.67,147.67,
2012-08-03,147.56,147.56,147.56,147.56,
2012-08-08,146.0,146.0,146.0,146.0,
2012-08-09,145.86,145.86,145.86,145.86,
2012-08-10,144.8,144.8,144.8,144.8,
2012-08-13,144.33,144.33,144.33,144.33,
2012-08-14,145.48,145.48,145.48,145.48,
2012-08-16,145.77,145.77,145.77,145.77,
2012-08-17,144.64,144.64,144.64,144.64,
2012-08-21,145.26,145.26,145.26,145.26,
2012-08-22,145.44,145.44,145.44,145.44,
2012-08-23,146.09,146.09,146.09,146.09,
2012-08-24,146.09,146.09,146.09,146.09,
2012-08-27,145.9,145.9,145.9,145.9,
2012-08-28,146.23,146.23,146.23,146.23,
2012-08-29,146.57,146.57,146.57,146.57,
2012-08-30,146.73,146.73,146.73,146.73,
2012-08-31,146.8,146.8,146.8,146.8,
2012-09-03,146.88,146.88,146.88,146.88,
2012-09-04,146.64,146.64,146.64,146.64,
2012-09-05,146.42,146.42,146.42,146.42,
2012-09-06,146.55,146.55,146.55,146.55,
2012-09-07,147.36,147.36,147.36,147.36,
2012-09-10,147.03,147.03,147.03,147.03,
2012-09-11,146.54,146.54,146.54,146.54,
2012-09-12,146.42,146.42,146.42,146.42,
2012-09-13,146.53,146.53,146.53,146.53,
2012-09-14,147.31,147.31,147.31,147.31,
2012-09-17,147.78,147.78,147.78,147.78,
2012-09-18,147.14,147.14,147.14,147.14,
2012-09-19,147.15,147.15,147.15,147.15,
2012-09-20,146.42,146.42,146.42,146.42,
2012-09-21,147.39,147.39,147.39,147.39,
2012-09-24,147.65,147.65,147.65,147.65,
2012-09-25,147.77,147.77,147.77,147.77,
2012-09-26,147.71,147.71,147.71,147.71,
2012-09-27,147.81,147.81,147.81,147.81,
2012-09-28,148.27,148.27,148.27,148.27,
2012-10-01,144.81,144.81,144.81,144.81,
2012-10-02,148.25,148.25,148.25,148.25,
2012-10-03,148.47,148.47,148.47,148.47,
2012-10-04,148.3,148.3,148.3,148.3,
2012-10-05,148.53,148.53,148.53,148.53,
2012-10-08,147.63,147.63,147.63,147.63,
2012-10-09,148.08,148.08,148.08,148.08,
2012-10-10,147.79,147.79,147.79,147.79,
2012-10-11,146.95,146.95,146.95,146.95,
2012-10-12,148.06,148.06,148.06,148.06,
2012-10-15,148.35,148.35,148.35,148.35,
2012-10-16,148.37,148.37,148.37,148.37,
2012-10-17,147.68,147.68,147.68,147.68,
2012-10-18,147.87,147.87,147.87,147.87,
2012-10-19,146.75,146.75,146.75,146.75,
2012-10-22,146.41,146.41,146.41,146.41,
2012-10-23,146.01,146.01,146.01,146.01,
2012-10-24,146.91,146.91,146.91,146.91,
2012-10-25,146.07,146.07,146.07,146.07,
2012-10-29,146.33,146.33,146.33,146.33,
2012-10-30,148.1,148.1,148.1,148.1,
2012-10-31,148.36,148.36,148.36,148.36,
2012-11-02,149.31,149.31,149.31,149.31,
2012-11-05,149.57,149.57,149.57,149.57,
2012-11-06,150.0,150.0,150.0,150.0,
2012-11-07,150.45,150.45,150.45,150.45,
2012-11-08,151.69,151.69,151.69,151.69,
2012-11-09,152.97,152.97,152.97,152.97,
2012-11-12,157.56,157.56,157.56,157.56,
2012-11-13,162.32,162.32,162.32,162.32,
2012-11-14,163.95,163.95,163.95,163.95,
2012-11-16,163.6,163.6,163.6,163.6,
2012-11-19,162.66,162.66,162.66,162.66,
2012-11-20,162.4,162.4,162.4,162.4,
2012-11-21,162.73,162.73,162.73,162.73,
2012-11-22,161.8,161.8,161.8,161.8,
2012-11-23,161.28,161.28,161.28,161.28,
2012-11-26,161.57,161.57,161.57,161.57,
2012-11-27,162.35,162.35,162.35,162.35,
2012-11-28,161.19,161.19,161.19,161.19,
2012-11-29,161.6,161.6,161.6,161.6,
2012-11-30,162.65,162.65,162.65,162.65,
2012-12-03,165.04,165.04,165.04,165.04,
2012-12-04,165.04,165.04,165.04,165.04,
2012-12-05,164.33,164.33,164.33,164.33,
2012-12-06,163.12,163.12,163.12,163.12,
2012-12-07,161.88,161.88,161.88,161.88,
2012-12-10,164.65,164.65,164.65,164.65,
2012-12-11,164.55,164.55,164.55,164.55,
2012-12-12,162.96,162.96,162.96,162.96,
2012-12-13,164.03,164.03,164.03,164.03,
2012-12-14,164.32,164.32,164.32,164.32,
2012-12-17,164.31,164.31,164.31,164.31,
2012-12-18,164.07,164.07,164.07,164.07,
2012-12-19,163.44,163.44,163.44,163.44,
2012-12-20,162.93,162.93,162.93,162.93,
2012-12-21,162.7,162.7,162.7,162.7,
2012-12-24,165.22,165.22,165.22,165.22,
2012-12-26,163.15,163.15,163.15,163.15,
2012-12-27,163.46,163.46,163.46,163.46,
2012-12-28,165.14,165.14,165.14,165.14,
2012-12-31,166.58,166.58,166.58,166.58,
2013-01-02,164.98,164.98,164.98,164.98,
2013-01-03,166.45,166.45,166.45,166.45,
2013-01-04,167.12,167.12,167.12,167.12,
2013-01-07,167.91,167.91,167.91,167.91,
2013-01-08,167.53,167.53,167.53,167.53,
2013-01-09,165.66,165.66,165.66,165.66,
2013-01-10,167.26,167.26,167.26,167.26,
2013-01-11,168.64,168.64,168.64,168.64,
2013-01-14,168.7,168.7,168.7,168.7,
2013-01-15,168.41,168.41,168.41,168.41,
2013-01-16,168.46,168.46,168.46,168.46,
2013-01-17,171.24,171.24,171.24,171.24,
2013-01-18,170.79,170.79,170.79,170.79,
2013-01-21,171.64,171.64,171.64,171.64,
2013-01-22,172.63,172.63,172.63,172.63,
2013-01-23,172.43,172.43,172.43,172.43,
2013-01-25,172.45,172.45,172.45,172.45,
2013-01-28,172.63,172.63,172.63,172.63,
2013-01-29,172.64,172.64,172.64,172.64,
2013-01-30,173.31,173.31,173.31,173.31,
2013-01-31,173.34,173.34,173.34,173.34,
2013-02-01,173.27,173.27,173.27,173.27,
2013-02-04,173.64,173.64,173.64,173.64,
2013-02-05,175.46,175.46,175.46,175.46,
2013-02-06,177.7,177.7,177.7,177.7,
2013-02-07,178.9,178.9,178.9,178.9,
2013-02-08,179.01,179.01,179.01,179.01,
2013-02-11,180.49,180.49,180.49,180.49,
2013-02-12,179.35,179.35,179.35,179.35,
2013-02-13,179.66,179.66,179.66,179.66,
2013-02-14,179.31,179.31,179.31,179.31,
2013-02-15,180.16,180.16,180.16,180.16,
2013-02-18,180.71,180.71,180.71,180.71,
2013-02-19,182.45,182.45,182.45,182.45,
2013-02-20,183.81,183.81,183.81,183.81,
2013-02-21,183.44,183.44,183.44,183.44,
2013-02-22,184.73,184.73,184.73,184.73,
2013-02-25,187.05,187.05,187.05,187.05,
2013-02-26,189.7,189.7,189.7,189.7,
2013-02-27,189.93,189.93,189.93,189.93,
2013-02-28,193.52,193.52,193.52,193.52,
2013-03-01,192.57,192.57,192.57,192.57,
2013-03-04,193.12,193.12,193.12,193.12,
2013-03-05,196.31,196.31,196.31,196.31,
2013-03-06,196.95,196.95,196.95,196.95,
2013-03-07,196.8,196.8,196.8,196.8,
2013-03-08,195.87,195.87,195.87,195.87,
2013-03-11,194.6,194.6,194.6,194.6,
2013-03-12,192.22,192.22,192.22,192.22,
2013-03-13,191.18,191.18,191.18,191.18,
2013-03-14,191.4,191.4,191.4,191.4,
2013-03-15,190.9,190.9,190.9,190.9,
2013-03-18,191.01,191.01,191.01,191.01,
2013-03-19,191.71,191.71,191.71,191.71,
2013-03-20,191.74,191.74,191.74,191.74,
2013-03-21,188.52,188.52,188.52,188.52,
2013-03-22,191.65,191.65,191.65,191.65,
2013-03-25,192.06,192.06,192.06,192.06,
2013-03-26,191.52,191.52,191.52,191.52,
2013-03-27,189.16,189.16,189.16,189.16,
2013-03-28,189.89,189.89,189.89,189.89,
2013-03-29,191.34,191.34,191.34,191.34,
2013-04-02,192.11,192.11,192.11,192.11,
2013-04-03,191.36,191.36,191.36,191.36,
2013-04-04,191.25,191.25,191.25,191.25,
2013-04-05,192.94,192.94,192.94,192.94,
2013-04-08,192.56,192.56,192.56,192.56,
2013-04-09,192.31,192.31,192.31,192.31,
2013-04-10,190.63,190.63,190.63,190.63,
2013-04-11,191.05,191.05,191.05,191.05,
2013-04-12,191.41,191.41,191.41,191.41,
2013-04-15,191.73,191.73,191.73,191.73,
2013-04-16,190.65,190.65,190.65,190.65,
2013-04-17,192.28,192.28,192.28,192.28,
2013-04-18,192.28,192.28,192.28,192.28,
2013-04-19,191.84,191.84,191.84,191.84,
2013-04-22,196.91,196.91,196.91,196.91,
2013-04-23,196.3,196.3,196.3,196.3,
2013-04-24,196.62,196.62,196.62,196.62,
2013-04-25,195.39,195.39,195.39,195.39,
2013-04-26,194.12,194.12,194.12,194.12,
2013-04-29,190.15,190.15,190.15,190.15,
2013-04-30,189.82,189.82,189.82,189.82,
2013-05-02,190.08,190.08,190.08,190.08,
2013-05-03,191.66,191.66,191.66,191.66,
2013-05-06,189.03,189.03,189.03,189.03,
2013-05-07,188.48,188.48,188.48,188.48,
2013-05-08,190.56,190.56,190.56,190.56,
2013-05-10,193.33,193.33,193.33,193.33,
2013-05-13,194.37,194.37,194.37,194.37,
2013-05-14,196.36,196.36,196.36,196.36,
2013-05-15,195.73,195.73,195.73,195.73,
2013-05-16,196.33,196.33,196.33,196.33,
2013-05-17,202.65,202.65,202.65,202.65,
2013-05-21,203.01,203.01,203.01,203.01,
2013-05-22,202.29,202.29,202.29,202.29,
2013-05-23,202.44,202.44,202.44,202.44,
2013-05-24,203.21,203.21,203.21,203.21,
2013-05-27,206.63,206.63,206.63,206.63,
2013-05-28,213.38,213.38,213.38,213.38,
2013-05-29,216.94,216.94,216.94,216.94,
2013-05-30,217.57,217.57,217.57,217.57,
2013-05-31,218.79,218.79,218.79,218.79,
2013-06-03,220.82,220.82,220.82,220.82,
2013-06-04,222.63,222.63,222.63,222.63,
2013-06-05,219.79,219.79,219.79,219.79,
2013-06-06,216.46,216.46,216.46,216.46,
2013-06-07,214.93,214.93,214.93,214.93,
2013-06-10,217.79,217.79,217.79,217.79,
2013-06-11,218.88,218.88,218.88,218.88,
2013-06-12,217.49,217.49,217.49,217.49,
2013-06-13,214.37,214.37,214.37,214.37,
2013-06-14,211.47,211.47,211.47,211.47,
2013-06-17,208.02,208.02,208.02,208.02,
2013-06-18,211.55,211.55,211.55,211.55,
2013-06-19,212.1,212.1,212.1,212.1,
2013-06-20,210.88,210.88,210.88,210.88,
2013-06-21,209.01,209.01,209.01,209.01,
2013-06-24,209.55,209.55,209.55,209.55,
2013-06-25,210.45,210.45,210.45,210.45,
2013-06-26,210.01,210.01,210.01,210.01,
2013-06-27,211.71,211.71,211.71,211.71,
2013-06-28,210.9,210.9,210.9,210.9,
2013-07-01,207.52,207.52,207.52,207.52,
2013-07-02,204.03,204.03,204.03,204.03,
2013-07-03,205.46,205.46,205.46,205.46,
2013-07-04,207.32,207.32,207.32,207.32,
2013-07-05,210.66,210.66,210.66,210.66,
2013-07-08,211.9,211.9,211.9,211.9,
2013-07-09,206.89,206.89,206.89,206.89,
2013-07-10,208.77,208.77,208.77,208.77,
2013-07-11,208.4,208.4,208.4,208.4,
2013-07-12,208.16,208.16,208.16,208.16,
2013-07-15,206.52,206.52,206.52,206.52,
2013-07-16,204.4,204.4,204.4,204.4,
2013-07-17,204.8,204.8,204.8,204.8,
2013-07-18,206.33,206.33,206.33,206.33,
2013-07-19,207.55,207.55,207.55,207.55,
2013-07-22,207.03,207.03,207.03,207.03,
2013-07-23,207.57,207.57,207.57,207.57,
2013-07-24,207.73,207.73,207.73,207.73,
2013-07-25,207.75,207.75,207.75,207.75,
2013-07-26,207.12,207.12,207.12,207.12,
2013-07-29,207.71,207.71,207.71,207.71,
2013-07-30,208.35,208.35,208.35,208.35,
2013-07-31,208.53,208.53,208.53,208.53,
2013-08-01,208.53,208.53,208.53,208.53,
2013-08-02,207.26,207.26,207.26,207.26,
2013-08-05,209.82,209.82,209.82,209.82,
2013-08-06,209.86,209.86,209.86,209.86,
2013-08-09,209.37,209.37,209.37,209.37,
2013-08-12,205.5,205.5,205.5,205.5,
2013-08-13,209.37,209.37,209.37,209.37,
2013-08-14,208.9,208.9,208.9,208.9,
2013-08-16,206.54,206.54,206.54,206.54,
2013-08-19,206.83,206.83,206.83,206.83,
2013-08-20,206.98,206.98,206.98,206.98,
2013-08-21,209.14,209.14,209.14,209.14,
2013-08-22,208.72,208.72,208.72,208.72,
2013-08-23,205.99,205.99,205.99,205.99,
2013-08-26,203.58,203.58,203.58,203.58,
2013-08-27,202.32,202.32,202.32,202.32,
2013-08-28,201.61,201.61,201.61,201.61,
2013-08-29,201.83,201.83,201.83,201.83,
2013-08-30,201.95,201.95,201.95,201.95,
2013-09-02,202.73,202.73,202.73,202.73,
2013-09-03,202.77,202.77,202.77,202.77,
2013-09-04,202.39,202.39,202.39,202.39,
2013-09-05,202.73,202.73,202.73,202.73,
2013-09-06,202.36,202.36,202.36,202.36,
2013-09-09,202.12,202.12,202.12,202.12,
2013-09-10,201.44,201.44,201.44,201.44,
2013-09-11,203.48,203.48,203.48,203.48,
2013-09-12,203.42,203.42,203.42,203.42,
2013-09-13,204.92,204.92,204.92,204.92,
2013-09-16,204.15,204.15,204.15,204.15,
2013-09-17,201.49,201.49,201.49,201.49,
2013-09-18,202.3,202.3,202.3,202.3,
2013-09-19,202.1,202.1,202.1,202.1,
2013-09-20,201.32,201.32,201.32,201.32,
2013-09-23,200.23,200.23,200.23,200.23,
2013-09-24,203.67,203.67,203.67,203.67,
2013-09-25,201.87,201.87,201.87,201.87,
2013-09-26,203.71,203.71,203.71,203.71,
2013-09-27,202.88,202.88,202.88,202.88,
2013-09-30,204.37,204.37,204.37,204.37,
2013-10-01,204.35,204.35,204.35,204.35,
2013-10-02,206.94,206.94,206.94,206.94,
2013-10-03,204.51,204.51,204.51,204.51,
2013-10-04,205.96,205.96,205.96,205.96,
2013-10-07,206.83,206.83,206.83,206.83,
2013-10-08,206.81,206.81,206.81,206.81,
2013-10-09,206.77,206.77,206.77,206.77,
2013-10-10,208.52,208.52,208.52,208.52,
2013-10-11,209.94,209.94,209.94,209.94,
2013-10-14,208.1,208.1,208.1,208.1,
2013-10-16,207.53,207.53,207.53,207.53,
2013-10-17,205.35,205.35,205.35,205.35,
2013-10-18,207.32,207.32,207.32,207.32,
2013-10-21,206.29,206.29,206.29,206.29,
2013-10-22,206.58,206.58,206.58,206.58,
2013-10-23,207.48,207.48,207.48,207.48,
2013-10-24,208.51,208.51,208.51,208.51,
2013-10-25,207.3,207.3,207.3,207.3,
2013-10-28,207.74,207.74,207.74,207.74,
2013-10-29,206.54,206.54,206.54,206.54,
2013-10-30,207.44,207.44,207.44,207.44,
2013-10-31,207.58,207.58,207.58,207.58,
2013-11-04,209.53,209.53,209.53,209.53,
2013-11-05,214.36,214.36,214.36,214.36,
2013-11-06,212.77,212.77,212.77,212.77,
2013-11-07,214.2,214.2,214.2,214.2,
2013-11-08,216.4,216.4,216.4,216.4,
2013-11-11,215.14,215.14,215.14,215.14,
2013-11-12,214.43,214.43,214.43,214.43,
2013-11-13,214.3,214.3,214.3,214.3,
2013-11-14,217.08,217.08,217.08,217.08,
2013-11-18,215.39,215.39,215.39,215.39,
2013-11-19,215.82,215.82,215.82,215.82,
2013-11-20,216.55,216.55,216.55,216.55,
2013-11-21,216.87,216.87,216.87,216.87,
2013-11-22,219.88,219.88,219.88,219.88,
2013-11-25,219.0,219.0,219.0,219.0,
2013-11-26,218.13,218.13,218.13,218.13,
2013-11-27,216.25,216.25,216.25,216.25,
2013-11-28,216.73,216.73,216.73,216.73,
2013-11-29,217.86,217.86,217.86,217.86,
2013-12-02,217.79,217.79,217.79,217.79,
2013-12-03,217.74,217.74,217.74,217.74,
2013-12-04,219.34,219.34,219.34,219.34,
2013-12-05,219.37,219.37,219.37,219.37,
2013-12-06,218.62,218.62,218.62,218.62,
2013-12-09,218.55,218.55,218.55,218.55,
2013-12-10,218.85,218.85,218.85,218.85,
2013-12-11,221.35,221.35,221.35,221.35,
2013-12-12,221.95,221.95,221.95,221.95,
2013-12-13,225.1,225.1,225.1,225.1,
2013-12-16,225.72,225.72,225.72,225.72,
2013-12-17,226.0,226.0,226.0,226.0,
2013-12-18,226.27,226.27,226.27,226.27,
2013-12-19,225.51,225.51,225.51,225.51,
2013-12-20,226.13,226.13,226.13,226.13,
2013-12-23,225.85,225.85,225.85,225.85,
2013-12-24,227.04,227.04,227.04,227.04,
2013-12-26,228.54,228.54,228.54,228.54,
2013-12-27,229.01,229.01,229.01,229.01,
2013-12-30,229.84,229.84,229.84,229.84,
2013-12-31,232.02,232.02,232.02,232.02,
2014-01-02,230.89,230.89,230.89,230.89,
2014-01-03,230.29,230.29,230.29,230.29,
2014-01-06,230.64,230.64,230.64,230.64,
2014-01-07,232.38,232.38,232.38,232.38,
2014-01-08,231.8,231.8,231.8,231.8,
2014-01-09,230.98,230.98,230.98,230.98,
2014-01-10,232.16,232.16,232.16,232.16,
2014-01-14,231.34,231.34,231.34,231.34,
2014-01-15,234.18,234.18,234.18,234.18,
2014-01-16,236.19,236.19,236.19,236.19,
2014-01-17,237.86,237.86,237.86,237.86,
2014-01-20,241.99,241.99,241.99,241.99,
2014-01-21,241.94,241.94,241.94,241.94,
2014-01-22,242.53,242.53,242.53,242.53,
2014-01-23,242.17,242.17,242.17,242.17,
2014-01-24,244.42,244.42,244.42,244.42,
2014-01-27,245.29,245.29,245.29,245.29,
2014-01-28,247.01,247.01,247.01,247.01,
2014-01-29,248.12,248.12,248.12,248.12,
2014-01-30,248.56,248.56,248.56,248.56,
2014-01-31,246.65,246.65,246.65,246.65,
2014-02-03,245.56,245.56,245.56,245.56,
2014-02-04,244.85,244.85,244.85,244.85,
2014-02-05,246.42,246.42,246.42,246.42,
2014-02-06,247.01,247.01,247.01,247.01,
2014-02-07,246.29,246.29,246.29,246.29,
2014-02-10,244.94,244.94,244.94,244.94,
2014-02-11,246.69,246.69,246.69,246.69,
2014-02-12,246.34,246.34,246.34,246.34,
2014-02-13,244.96,244.96,244.96,244.96,
2014-02-14,244.58,244.58,244.58,244.58,
2014-02-17,244.59,244.59,244.59,244.59,
2014-02-18,243.72,243.72,243.72,243.72,
2014-02-19,244.82,244.82,244.82,244.82,
2014-02-20,244.78,244.78,244.78,244.78,
2014-02-21,243.4,243.4,243.4,243.4,
2014-02-24,242.66,242.66,242.66,242.66,
2014-02-25,239.04,239.04,239.04,239.04,
2014-02-26,235.84,235.84,235.84,235.84,
2014-02-27,238.13,238.13,238.13,238.13,
2014-02-28,240.51,240.51,240.51,240.51,
2014-03-03,243.29,243.29,243.29,243.29,
2014-03-04,243.83,243.83,243.83,243.83,
2014-03-05,242.78,242.78,242.78,242.78,
2014-03-06,244.19,244.19,244.19,244.19,
2014-03-07,246.37,246.37,246.37,246.37,
2014-03-10,245.08,245.08,245.08,245.08,
2014-03-11,244.71,244.71,244.71,244.71,
2014-03-12,243.97,243.97,243.97,243.97,
2014-03-13,238.13,238.13,238.13,238.13,
2014-03-14,242.52,242.52,242.52,242.52,
2014-03-17,242.21,242.21,242.21,242.21,
2014-03-18,240.59,240.59,240.59,240.59,
2014-03-19,240.13,240.13,240.13,240.13,
2014-03-20,240.81,240.81,240.81,240.81,
2014-03-21,239.76,239.76,239.76,239.76,
2014-03-24,238.34,238.34,238.34,238.34,
2014-03-25,240.21,240.21,240.21,240.21,
2014-03-26,239.95,239.95,239.95,239.95,
2014-03-27,239.71,239.71,239.71,239.71,
2014-03-28,240.61,240.61,240.61,240.61,
2014-03-31,240.39,240.39,240.39,240.39,
2014-04-01,241.65,241.65,241.65,241.65,
2014-04-02,241.94,241.94,241.94,241.94,
2014-04-03,244.41,244.41,244.41,244.41,
2014-04-04,245.12,245.12,245.12,245.12,
2014-04-07,244.72,244.72,244.72,244.72,
2014-04-08,242.55,242.55,242.55,242.55,
2014-04-09,241.11,241.11,241.11,241.11,
2014-04-10,240.74,240.74,240.74,240.74,
2014-04-11,240.53,240.53,240.53,240.53,
2014-04-14,232.02,232.02,232.02,232.02,
2014-04-15,238.81,238.81,238.81,238.81,
2014-04-16,238.72,238.72,238.72,238.72,
2014-04-17,238.42,238.42,238.42,238.42,
2014-04-18,238.93,238.93,238.93,238.93,
2014-04-22,239.69,239.69,239.69,239.69,
2014-04-23,239.85,239.85,239.85,239.85,
2014-04-24,239.42,239.42,239.42,239.42,
2014-04-25,241.07,241.07,241.07,241.07,
2014-04-28,239.65,239.65,239.65,239.65,
2014-04-29,238.57,238.57,238.57,238.57,
2014-04-30,238.01,238.01,238.01,238.01,
2014-05-02,229.85,229.85,229.85,229.85,
2014-05-05,224.15,224.15,224.15,224.15,
2014-05-06,219.81,219.81,219.81,219.81,
2014-05-07,220.61,220.61,220.61,220.61,
2014-05-08,225.85,225.85,225.85,225.85,
2014-05-09,227.1,227.1,227.1,227.1,
2014-05-12,228.82,228.82,228.82,228.82,
2014-05-13,230.72,230.72,230.72,230.72,
2014-05-14,228.68,228.68,228.68,228.68,
2014-05-15,229.07,229.07,229.07,229.07,
2014-05-16,229.74,229.74,229.74,229.74,
2014-05-19,229.44,229.44,229.44,229.44,
2014-05-20,230.85,230.85,230.85,230.85,
2014-05-21,229.79,229.79,229.79,229.79,
2014-05-22,230.7,230.7,230.7,230.7,
2014-05-23,232.31,232.31,232.31,232.31,
2014-05-26,232.31,232.31,232.31,232.31,
2014-05-27,230.82,230.82,230.82,230.82,
2014-05-28,230.17,230.17,230.17,230.17,
2014-05-30,230.61,230.61,230.61,230.61,
2014-06-02,231.17,231.17,231.17,231.17,
2014-06-03,230.64,230.64,230.64,230.64,
2014-06-04,230.47,230.47,230.47,230.47,
2014-06-05,231.89,231.89,231.89,231.89,
2014-06-06,232.13,232.13,232.13,232.13,
2014-06-10,232.3,232.3,232.3,232.3,
2014-06-11,232.1,232.1,232.1,232.1,
2014-06-12,232.7,232.7,232.7,232.7,
2014-06-13,231.83,231.83,231.83,231.83,
2014-06-16,233.58,233.58,233.58,233.58,
2014-06-17,234.0,234.0,234.0,234.0,
2014-06-18,233.88,233.88,233.88,233.88,
2014-06-19,234.12,234.12,234.12,234.12,
2014-06-20,234.59,234.59,234.59,234.59,
2014-06-23,234.06,234.06,234.06,234.06,
2014-06-24,234.07,234.07,234.07,234.07,
2014-06-25,235.06,235.06,235.06,235.06,
2014-06-26,233.66,233.66,233.66,233.66,
2014-06-27,235.38,235.38,235.38,235.38,
2014-06-30,238.6,238.6,238.6,238.6,
2014-07-01,237.43,237.43,237.43,237.43,
2014-07-02,235.98,235.98,235.98,235.98,
2014-07-03,234.79,234.79,234.79,234.79,
2014-07-04,235.71,235.71,235.71,235.71,
2014-07-07,235.69,235.69,235.69,235.69,
2014-07-08,235.75,235.75,235.75,235.75,
2014-07-09,234.78,234.78,234.78,234.78,
2014-07-10,235.99,235.99,235.99,235.99,
2014-07-11,236.38,236.38,236.38,236.38,
2014-07-14,237.42,237.42,237.42,237.42,
2014-07-15,237.58,237.58,237.58,237.58,
2014-07-16,237.34,237.34,237.34,237.34,
2014-07-17,238.2,238.2,238.2,238.2,
2014-07-18,237.13,237.13,237.13,237.13,
2014-07-21,237.7,237.7,237.7,237.7,
2014-07-22,237.86,237.86,237.86,237.86,
2014-07-23,238.41,238.41,238.41,238.41,
2014-07-25,237.26,237.26,237.26,237.26,
2014-07-29,236.33,236.33,236.33,236.33,
2014-07-30,237.88,237.88,237.88,237.88,
2014-07-31,238.43,238.43,238.43,238.43,
2014-08-01,238.3,238.3,238.3,238.3,
2014-08-04,238.92,238.92,238.92,238.92,
2014-08-05,240.29,240.29,240.29,240.29,
2014-08-06,241.09,241.09,241.09,241.09,
2014-08-08,241.84,241.84,241.84,241.84,
2014-08-11,245.31,245.31,245.31,245.31,
2014-08-12,245.95,245.95,245.95,245.95,
2014-08-13,245.07,245.07,245.07,245.07,
2014-08-14,244.22,244.22,244.22,244.22,
2014-08-18,243.32,243.32,243.32,243.32,
2014-08-19,243.92,243.92,243.92,243.92,
2014-08-20,244.33,244.33,244.33,244.33,
2014-08-21,245.71,245.71,245.71,245.71,
2014-08-22,247.21,247.21,247.21,247.21,
2014-08-25,247.1,247.1,247.1,247.1,
2014-08-26,248.25,248.25,248.25,248.25,
2014-08-27,247.14,247.14,247.14,247.14,
2014-08-28,247.41,247.41,247.41,247.41,
2014-08-29,246.52,246.52,246.52,246.52,
2014-09-01,246.93,246.93,246.93,246.93,
2014-09-02,247.22,247.22,247.22,247.22,
2014-09-03,246.89,246.89,246.89,246.89,
2014-09-04,247.68,247.68,247.68,247.68,
2014-09-05,248.66,248.66,248.66,248.66,
2014-09-08,249.35,249.35,249.35,249.35,
2014-09-09,249.41,249.41,249.41,249.41,
2014-09-10,248.56,248.56,248.56,248.56,
2014-09-11,248.56,248.56,248.56,248.56,
2014-09-12,248.53,248.53,248.53,248.53,
2014-09-15,251.35,251.35,251.35,251.35,
2014-09-16,254.77,254.77,254.77,254.77,
2014-09-17,256.3,256.3,256.3,256.3,
2014-09-18,254.6,254.6,254.6,254.6,
2014-09-19,257.68,257.68,257.68,257.68,
2014-09-22,258.54,258.54,258.54,258.54,
2014-09-23,258.44,258.44,258.44,258.44,
2014-09-24,258.26,258.26,258.26,258.26,
2014-09-25,257.34,257.34,257.34,257.34,
2014-09-26,257.05,257.05,257.05,257.05,
2014-09-29,255.49,255.49,255.49,255.49,
2014-09-30,255.32,255.32,255.32,255.32,
2014-10-01,256.88,256.88,256.88,256.88,
2014-10-02,255.12,255.12,255.12,255.12,
2014-10-03,255.51,255.51,255.51,255.51,
2014-10-06,258.02,258.02,258.02,258.02,
2014-10-07,257.38,257.38,257.38,257.38,
2014-10-08,255.28,255.28,255.28,255.28,
2014-10-09,254.56,254.56,254.56,254.56,
2014-10-10,255.01,255.01,255.01,255.01,
2014-10-13,253.1,253.1,253.1,253.1,
2014-10-14,254.72,254.72,254.72,254.72,
2014-10-15,251.09,251.09,251.09,251.09,
2014-10-16,250.52,250.52,250.52,250.52,
2014-10-17,247.41,247.41,247.41,247.41,
2014-10-20,244.63,244.63,244.63,244.63,
2014-10-21,242.89,242.89,242.89,242.89,
2014-10-22,242.34,242.34,242.34,242.34,
2014-10-23,240.72,240.72,240.72,240.72,
2014-10-24,241.43,241.43,241.43,241.43,
2014-10-27,241.77,241.77,241.77,241.77,
2014-10-28,239.78,239.78,239.78,239.78,
2014-10-29,240.29,240.29,240.29,240.29,
2014-10-30,239.09,239.09,239.09,239.09,
2014-10-31,238.4,238.4,238.4,238.4,
2014-11-03,237.81,237.81,237.81,237.81,
2014-11-04,236.65,236.65,236.65,236.65,
2014-11-05,235.71,235.71,235.71,235.71,
2014-11-06,235.83,235.83,235.83,235.83,
2014-11-07,234.41,234.41,234.41,234.41,
2014-11-10,235.34,235.34,235.34,235.34,
2014-11-11,234.07,234.07,234.07,234.07,
2014-11-12,236.53,236.53,236.53,236.53,
2014-11-13,230.17,230.17,230.17,230.17,
2014-11-14,238.13,238.13,238.13,238.13,
2014-11-17,239.2,239.2,239.2,239.2,
2014-11-18,237.29,237.29,237.29,237.29,
2014-11-19,239.13,239.13,239.13,239.13,
2014-11-20,239.69,239.69,239.69,239.69,
2014-11-21,240.38,240.38,240.38,240.38,
2014-11-24,240.7,240.7,240.7,240.7,
2014-11-25,244.64,244.64,244.64,244.64,
2014-11-26,244.13,244.13,244.13,244.13,
2014-11-27,244.07,244.07,244.07,244.07,
2014-11-28,243.96,243.96,243.96,243.96,
2014-12-01,243.75,243.75,243.75,243.75,
2014-12-02,244.57,244.57,244.57,244.57,
2014-12-03,244.63,244.63,244.63,244.63,
2014-12-04,244.51,244.51,244.51,244.51,
2014-12-05,243.96,243.96,243.96,243.96,
2014-12-08,244.5,244.5,244.5,244.5,
2014-12-09,245.39,245.39,245.39,245.39,
2014-12-10,245.28,245.28,245.28,245.28,
2014-12-11,245.83,245.83,245.83,245.83,
2014-12-12,246.61,246.61,246.61,246.61,
2014-12-15,246.54,246.54,246.54,246.54,
2014-12-16,244.9,244.9,244.9,244.9,
2014-12-17,246.18,246.18,246.18,246.18,
2014-12-18,247.13,247.13,247.13,247.13,
2014-12-19,248.51,248.51,248.51,248.51,
2014-12-22,246.84,246.84,246.84,246.84,
2014-12-23,247.93,247.93,247.93,247.93,
2014-12-24,250.47,250.47,250.47,250.47,
2014-12-26,252.14,252.14,252.14,252.14,
2014-12-29,251.66,251.66,251.66,251.66,
2014-12-30,256.92,256.92,256.92,256.92,
2014-12-31,258.08,258.08,258.08,258.08,
2015-01-02,256.5,256.5,256.5,256.5,
2015-01-05,256.3,256.3,256.3,256.3,
2015-01-06,254.38,254.38,254.38,254.38,
2015-01-07,253.46,253.46,253.46,253.46,
2015-01-08,252.4,252.4,252.4,252.4,
2015-01-09,253.4,253.4,253.4,253.4,
2015-01-12,252.14,252.14,252.14,252.14,
2015-01-13,249.37,249.37,249.37,249.37,
2015-01-14,249.19,249.19,249.19,249.19,
2015-01-15,248.29,248.29,248.29,248.29,
2015-01-16,248.73,248.73,248.73,248.73,
2015-01-19,249.12,249.12,249.12,249.12,
2015-01-20,249.14,249.14,249.14,249.14,
2015-01-21,248.53,248.53,248.53,248.53,
2015-01-22,249.73,249.73,249.73,249.73,
2015-01-23,249.86,249.86,249.86,249.86,
2015-01-26,250.56,250.56,250.56,250.56,
2015-01-27,250.12,250.12,250.12,250.12,
2015-01-28,256.26,256.26,256.26,256.26,
2015-01-29,251.13,251.13,251.13,251.13,
2015-01-30,252.99,252.99,252.99,252.99,
2015-02-02,251.75,251.75,251.75,251.75,
2015-02-03,251.84,251.84,251.84,251.84,
2015-02-04,258.03,258.03,258.03,258.03,
2015-02-05,253.39,253.39,253.39,253.39,
2015-02-06,254.33,254.33,254.33,254.33,
2015-02-10,254.1,254.1,254.1,254.1,
2015-02-11,255.26,255.26,255.26,255.26,
2015-02-12,255.54,255.54,255.54,255.54,
2015-02-13,255.68,255.68,255.68,255.68,
2015-02-16,255.19,255.19,255.19,255.19,
2015-02-17,254.99,254.99,254.99,254.99,
2015-02-18,254.85,254.85,254.85,254.85,
2015-02-19,256.32,256.32,256.32,256.32,
2015-02-20,257.8,257.8,257.8,257.8,
2015-02-23,257.26,257.26,257.26,257.26,
2015-02-24,257.07,257.07,257.07,257.07,
2015-02-25,260.44,260.44,260.44,260.44,
2015-02-26,260.37,260.37,260.37,260.37,
2015-02-27,260.71,260.71,260.71,260.71,
2015-03-02,261.31,261.31,261.31,261.31,
2015-03-03,262.7,262.7,262.7,262.7,
2015-03-04,261.35,261.35,261.35,261.35,
2015-03-05,260.74,260.74,260.74,260.74,
2015-03-06,261.78,261.78,261.78,261.78,
2015-03-09,262.72,262.72,262.72,262.72,
2015-03-10,264.33,264.33,264.33,264.33,
2015-03-11,263.6,263.6,263.6,263.6,
2015-03-12,263.64,263.64,263.64,263.64,
2015-03-13,264.47,264.47,264.47,264.47,
2015-03-16,264.86,264.86,264.86,264.86,
2015-03-17,264.21,264.21,264.21,264.21,
2015-03-18,264.32,264.32,264.32,264.32,
2015-03-19,263.34,263.34,263.34,263.34,
2015-03-20,264.41,264.41,264.41,264.41,
2015-03-23,264.46,264.46,264.46,264.46,
2015-03-24,263.91,263.91,263.91,263.91,
2015-03-25,265.32,265.32,265.32,265.32,
2015-03-26,266.05,266.05,266.05,266.05,
2015-03-27,266.11,266.11,266.11,266.11,
2015-03-30,265.47,265.47,265.47,265.47,
2015-03-31,262.56,262.56,262.56,262.56,
2015-04-01,258.83,258.83,258.83,258.83,
2015-04-02,262.32,262.32,262.32,262.32,
2015-04-03,262.64,262.64,262.64,262.64,
2015-04-07,262.04,262.04,262.04,262.04,
2015-04-08,259.98,259.98,259.98,259.98,
2015-04-09,258.38,258.38,258.38,258.38,
2015-04-10,257.18,257.18,257.18,257.18,
2015-04-13,258.63,258.63,258.63,258.63,
2015-04-14,258.79,258.79,258.79,258.79,
2015-04-15,261.83,261.83,261.83,261.83,
2015-04-16,263.17,263.17,263.17,263.17,
2015-04-17,264.34,264.34,264.34,264.34,
2015-04-20,264.69,264.69,264.69,264.69,
2015-04-21,264.02,264.02,264.02,264.02,
2015-04-22,264.52,264.52,264.52,264.52,
2015-04-23,266.04,266.04,266.04,266.04,
2015-04-24,267.38,267.38,267.38,267.38,
2015-04-27,267.25,267.25,267.25,267.25,
2015-04-28,266.77,266.77,266.77,266.77,
2015-04-29,266.03,266.03,266.03,266.03,
2015-04-30,264.7,264.7,264.7,264.7,
2015-05-04,261.72,261.72,261.72,261.72,
2015-05-05,262.08,262.08,262.08,262.08,
2015-05-06,264.85,264.85,264.85,264.85,
2015-05-07,260.04,260.04,260.04,260.04,
2015-05-08,261.08,261.08,261.08,261.08,
2015-05-11,262.17,262.17,262.17,262.17,
2015-05-12,262.47,262.47,262.47,262.47,
2015-05-13,263.03,263.03,263.03,263.03,
2015-05-15,262.57,262.57,262.57,262.57,
2015-05-18,263.58,263.58,263.58,263.58,
2015-05-19,262.37,262.37,262.37,262.37,
2015-05-20,264.21,264.21,264.21,264.21,
2015-05-21,263.67,263.67,263.67,263.67,
2015-05-22,265.91,265.91,265.91,265.91,
2015-05-26,266.38,266.38,266.38,266.38,
2015-05-27,268.32,268.32,268.32,268.32,
2015-05-28,267.14,267.14,267.14,267.14,
2015-05-29,268.0,268.0,268.0,268.0,
2015-06-01,267.48,267.48,267.48,267.48,
2015-06-02,269.66,269.66,269.66,269.66,
2015-06-03,270.31,270.31,270.31,270.31,
2015-06-04,271.13,271.13,271.13,271.13,
2015-06-05,273.47,273.47,273.47,273.47,
2015-06-08,270.46,270.46,270.46,270.46,
2015-06-09,274.81,274.81,274.81,274.81,
2015-06-10,273.65,273.65,273.65,273.65,
2015-06-11,275.02,275.02,275.02,275.02,
2015-06-12,273.95,273.95,273.95,273.95,
2015-06-15,274.62,274.62,274.62,274.62,
2015-06-16,272.77,272.77,272.77,272.77,
2015-06-17,275.29,275.29,275.29,275.29,
2015-06-18,274.05,274.05,274.05,274.05,
2015-06-19,272.62,272.62,272.62,272.62,
2015-06-22,274.12,274.12,274.12,274.12,
2015-06-23,273.55,273.55,273.55,273.55,
2015-06-24,274.32,274.32,274.32,274.32,
2015-06-25,274.79,274.79,274.79,274.79,
2015-06-26,274.53,274.53,274.53,274.53,
2015-06-29,277.32,277.32,277.32,277.32,
2015-06-30,278.44,278.44,278.44,278.44,
2015-07-01,278.26,278.26,278.26,278.26,
2015-07-02,278.59,278.59,278.59,278.59,
2015-07-03,277.66,277.66,277.66,277.66,
2015-07-06,278.23,278.23,278.23,278.23,
2015-07-07,280.75,280.75,280.75,280.75,
2015-07-08,281.51,281.51,281.51,281.51,
2015-07-09,285.11,285.11,285.11,285.11,
2015-07-10,283.81,283.81,283.81,283.81,
2015-07-13,285.57,285.57,285.57,285.57,
2015-07-15,287.88,287.88,287.88,287.88,
2015-07-16,290.7,290.7,290.7,290.7,
2015-07-20,290.3,290.3,290.3,290.3,
2015-07-21,291.29,291.29,291.29,291.29,
2015-07-22,290.55,290.55,290.55,290.55,
2015-07-23,292.58,292.58,292.58,292.58,
2015-07-24,298.14,298.14,298.14,298.14,
2015-07-27,303.83,303.83,303.83,303.83,
2015-07-28,301.22,301.22,301.22,301.22,
2015-07-29,299.58,299.58,299.58,299.58,
2015-07-30,300.46,300.46,300.46,300.46,
2015-07-31,301.22,301.22,301.22,301.22,
2015-08-03,300.05,300.05,300.05,300.05,
2015-08-04,300.99,300.99,300.99,300.99,
2015-08-05,303.09,303.09,303.09,303.09,
2015-08-06,299.3,299.3,299.3,299.3,
2015-08-10,302.49,302.49,302.49,302.49,
2015-08-11,302.9,302.9,302.9,302.9,
2015-08-12,300.87,300.87,300.87,300.87,
2015-08-13,302.32,302.32,302.32,302.32,
2015-08-14,302.97,302.97,302.97,302.97,
2015-08-17,301.9,301.9,301.9,301.9,
2015-08-18,300.13,300.13,300.13,300.13,
2015-08-19,300.69,300.69,300.69,300.69,
2015-08-20,299.99,299.99,299.99,299.99,
2015-08-21,296.33,296.33,296.33,296.33,
2015-08-24,294.94,294.94,294.94,294.94,
2015-08-25,294.8,294.8,294.8,294.8,
2015-08-26,293.8,293.8,293.8,293.8,
2015-08-27,295.57,295.57,295.57,295.57,
2015-08-28,296.98,296.98,296.98,296.98,
2015-08-31,296.33,296.33,296.33,296.33,
2015-09-01,295.56,295.56,295.56,295.56,
2015-09-02,295.2,295.2,295.2,295.2,
2015-09-03,292.79,292.79,292.79,292.79,
2015-09-04,293.17,293.17,293.17,293.17,
2015-09-07,294.72,294.72,294.72,294.72,
2015-09-08,295.12,295.12,295.12,295.12,
2015-09-09,295.29,295.29,295.29,295.29,
2015-09-10,294.6,294.6,294.6,294.6,
2015-09-11,293.74,293.74,293.74,293.74,
2015-09-14,295.49,295.49,295.49,295.49,
2015-09-15,295.21,295.21,295.21,295.21,
2015-09-16,296.07,296.07,296.07,296.07,
2015-09-17,294.02,294.02,294.02,294.02,
2015-09-18,293.97,293.97,293.97,293.97,
2015-09-21,292.58,292.58,292.58,292.58,
2015-09-22,293.45,293.45,293.45,293.45,
2015-09-23,296.6,296.6,296.6,296.6,
2015-09-25,296.6,296.6,296.6,296.6,
2015-09-28,298.66,298.66,298.66,298.66,
2015-09-29,296.68,296.68,296.68,296.68,
2015-09-30,298.06,298.06,298.06,298.06,
2015-10-01,299.21,299.21,299.21,299.21,
2015-10-02,301.7,301.7,301.7,301.7,
2015-10-05,302.17,302.17,302.17,302.17,
2015-10-06,303.33,303.33,303.33,303.33,
2015-10-07,294.72,294.72,294.72,294.72,
2015-10-08,301.28,301.28,301.28,301.28,
2015-10-09,301.99,301.99,301.99,301.99,
2015-10-12,300.15,300.15,300.15,300.15,
2015-10-13,302.2,302.2,302.2,302.2,
2015-10-14,303.26,303.26,303.26,303.26,
2015-10-15,304.76,304.76,304.76,304.76,
2015-10-16,303.47,303.47,303.47,303.47,
2015-10-19,303.73,303.73,303.73,303.73,
2015-10-20,303.5,303.5,303.5,303.5,
2015-10-21,305.41,305.41,305.41,305.41,
2015-10-22,307.21,307.21,307.21,307.21,
2015-10-23,304.25,304.25,304.25,304.25,
2015-10-26,305.82,305.82,305.82,305.82,
2015-10-27,306.23,306.23,306.23,306.23,
2015-10-28,306.11,306.11,306.11,306.11,
2015-10-29,304.84,304.84,304.84,304.84,
2015-10-30,303.31,303.31,303.31,303.31,
2015-11-02,304.37,304.37,304.37,304.37,
2015-11-03,303.65,303.65,303.65,303.65,
2015-11-04,302.45,302.45,302.45,302.45,
2015-11-05,303.64,303.64,303.64,303.64,
2015-11-06,303.46,303.46,303.46,303.46,
2015-11-09,304.24,304.24,304.24,304.24,
2015-11-10,303.53,303.53,303.53,303.53,
2015-11-11,304.75,304.75,304.75,304.75,
2015-11-12,304.29,304.29,304.29,304.29,
2015-11-13,303.14,303.14,303.14,303.14,
2015-11-16,301.72,301.72,301.72,301.72,
2015-11-17,302.27,302.27,302.27,302.27,
2015-11-18,300.63,300.63,300.63,300.63,
2015-11-19,301.22,301.22,301.22,301.22,
2015-11-20,308.52,308.52,308.52,308.52,
2015-11-23,303.47,303.47,303.47,303.47,
2015-11-24,302.35,302.35,302.35,302.35,
2015-11-25,303.11,303.11,303.11,303.11,
2015-11-26,303.56,303.56,303.56,303.56,
2015-11-27,306.4,306.4,306.4,306.4,
2015-11-30,305.43,305.43,305.43,305.43,
2015-12-01,303.8,303.8,303.8,303.8,
2015-12-02,305.97,305.97,305.97,305.97,
2015-12-03,304.22,304.22,304.22,304.22,
2015-12-04,304.99,304.99,304.99,304.99,
2015-12-07,305.52,305.52,305.52,305.52,
2015-12-08,306.02,306.02,306.02,306.02,
2015-12-09,302.64,302.64,302.64,302.64,
2015-12-10,299.06,299.06,299.06,299.06,
2015-12-11,298.34,298.34,298.34,298.34,
2015-12-14,296.06,296.06,296.06,296.06,
2015-12-15,293.2,293.2,293.2,293.2,
2015-12-16,294.66,294.66,294.66,294.66,
2015-12-17,293.58,293.58,293.58,293.58,
2015-12-18,290.9,290.9,290.9,290.9,
2015-12-21,295.26,295.26,295.26,295.26,
2015-12-22,295.18,295.18,295.18,295.18,
2015-12-23,292.85,292.85,292.85,292.85,
2015-12-28,296.79,296.79,296.79,296.79,
2015-12-29,297.94,297.94,297.94,297.94,
2015-12-30,303.78,303.78,303.78,303.78,
2015-12-31,303.93,303.93,303.93,303.93,
2016-01-04,302.43,302.43,302.43,302.43,
2016-01-05,300.27,300.27,300.27,300.27,
2016-01-06,297.6,297.6,297.6,297.6,
2016-01-07,296.83,296.83,296.83,296.83,
2016-01-08,295.34,295.34,295.34,295.34,
2016-01-11,294.46,294.46,294.46,294.46,
2016-01-12,296.36,296.36,296.36,296.36,
2016-01-13,294.72,294.72,294.72,294.72,
2016-01-14,297.06,297.06,297.06,297.06,
2016-01-15,294.8,294.8,294.8,294.8,
2016-01-18,293.74,293.74,293.74,293.74,
2016-01-19,292.88,292.88,292.88,292.88,
2016-01-20,292.45,292.45,292.45,292.45,
2016-01-21,290.37,290.37,290.37,290.37,
2016-01-22,291.24,291.24,291.24,291.24,
2016-01-25,287.79,287.79,287.79,287.79,
2016-01-26,289.34,289.34,289.34,289.34,
2016-01-27,289.04,289.04,289.04,289.04,
2016-01-28,289.74,289.74,289.74,289.74,
2016-01-29,289.77,289.77,289.77,289.77,
2016-02-01,288.97,288.97,288.97,288.97,
2016-02-02,290.31,290.31,290.31,290.31,
2016-02-03,291.8,291.8,291.8,291.8,
2016-02-04,293.04,293.04,293.04,293.04,
2016-02-05,293.0,293.0,293.0,293.0,
2016-02-08,292.3,292.3,292.3,292.3,
2016-02-09,294.0,294.0,294.0,294.0,
2016-02-10,292.65,292.65,292.65,292.65,
2016-02-11,293.52,293.52,293.52,293.52,
2016-02-12,293.81,293.81,293.81,293.81,
2016-02-15,292.46,292.46,292.46,292.46,
2016-02-16,297.13,297.13,297.13,297.13,
2016-02-17,299.1,299.1,299.1,299.1,
2016-02-18,302.27,302.27,302.27,302.27,
2016-02-19,298.86,298.86,298.86,298.86,
2016-02-22,301.63,301.63,301.63,301.63,
2016-02-23,303.8,303.8,303.8,303.8,
2016-02-24,304.91,304.91,304.91,304.91,
2016-02-25,306.53,306.53,306.53,306.53,
2016-02-26,305.29,305.29,305.29,305.29,
2016-02-29,302.97,302.97,302.97,302.97,
2016-03-01,303.93,303.93,303.93,303.93,
2016-03-02,302.78,302.78,302.78,302.78,
2016-03-03,307.65,307.65,307.65,307.65,
2016-03-04,307.3,307.3,307.3,307.3,
2016-03-07,312.48,312.48,312.48,312.48,
2016-03-08,314.46,314.46,314.46,314.46,
2016-03-09,318.74,318.74,318.74,318.74,
2016-03-10,320.26,320.26,320.26,320.26,
2016-03-11,316.68,316.68,316.68,316.68,
2016-03-14,315.78,315.78,315.78,315.78,
2016-03-15,312.32,312.32,312.32,312.32,
2016-03-16,309.42,309.42,309.42,309.42,
2016-03-17,307.87,307.87,307.87,307.87,
2016-03-18,306.58,306.58,306.58,306.58,
2016-03-21,311.1,311.1,311.1,311.1,
2016-03-22,311.79,311.79,311.79,311.79,
2016-03-23,314.54,314.54,314.54,314.54,
2016-03-24,314.56,314.56,314.56,314.56,
2016-03-25,314.38,314.38,314.38,314.38,
2016-03-29,316.04,316.04,316.04,316.04,
2016-03-30,315.46,315.46,315.46,315.46,
2016-03-31,314.46,314.46,314.46,314.46,
2016-04-01,315.03,315.03,315.03,315.03,
2016-04-04,315.99,315.99,315.99,315.99,
2016-04-05,313.3,313.3,313.3,313.3,
2016-04-06,313.29,313.29,313.29,313.29,
2016-04-07,314.06,314.06,314.06,314.06,
2016-04-08,314.59,314.59,314.59,314.59,
2016-04-11,311.55,311.55,311.55,311.55,
2016-04-12,312.46,312.46,312.46,312.46,
2016-04-13,314.05,314.05,314.05,314.05,
2016-04-14,314.38,314.38,314.38,314.38,
2016-04-15,314.72,314.72,314.72,314.72,
2016-04-18,314.0,314.0,314.0,314.0,
2016-04-19,314.92,314.92,314.92,314.92,
2016-04-20,314.04,314.04,314.04,314.04,
2016-04-21,316.37,316.37,316.37,316.37,
2016-04-22,320.3,320.3,320.3,320.3,
2016-04-25,318.34,318.34,318.34,318.34,
2016-04-26,318.55,318.55,318.55,318.55,
2016-04-27,316.38,316.38,316.38,316.38,
2016-04-28,317.62,317.62,317.62,317.62,
2016-04-29,318.68,318.68,318.68,318.68,
2016-05-03,317.36,317.36,317.36,317.36,
2016-05-04,318.34,318.34,318.34,318.34,
2016-05-06,310.29,310.29,310.29,310.29,
2016-05-09,308.01,308.01,308.01,308.01,
2016-05-10,308.45,308.45,308.45,308.45,
2016-05-11,307.23,307.23,307.23,307.23,
2016-05-12,306.57,306.57,306.57,306.57,
2016-05-13,308.94,308.94,308.94,308.94,
2016-05-17,310.77,310.77,310.77,310.77,
2016-05-18,315.12,315.12,315.12,315.12,
2016-05-19,315.69,315.69,315.69,315.69,
2016-05-20,314.54,314.54,314.54,314.54,
2016-05-23,310.33,310.33,310.33,310.33,
2016-05-24,311.22,311.22,311.22,311.22,
2016-05-25,306.63,306.63,306.63,306.63,
2016-05-26,308.36,308.36,308.36,308.36,
2016-05-27,309.17,309.17,309.17,309.17,
2016-05-30,306.3,306.3,306.3,306.3,
2016-05-31,305.73,305.73,305.73,305.73,
2016-06-01,307.74,307.74,307.74,307.74,
2016-06-02,306.11,306.11,306.11,306.11,
2016-06-03,304.7,304.7,304.7,304.7,
2016-06-06,304.72,304.72,304.72,304.72,
2016-06-07,304.92,304.92,304.92,304.92,
2016-06-08,304.13,304.13,304.13,304.13,
2016-06-09,307.01,307.01,307.01,307.01,
2016-06-10,309.28,309.28,309.28,309.28,
2016-06-13,309.02,309.02,309.02,309.02,
2016-06-14,309.45,309.45,309.45,309.45,
2016-06-15,311.98,311.98,311.98,311.98,
2016-06-16,311.68,311.68,311.68,311.68,
2016-06-17,309.82,309.82,309.82,309.82,
2016-06-20,311.0,311.0,311.0,311.0,
2016-06-21,308.85,308.85,308.85,308.85,
2016-06-22,307.13,307.13,307.13,307.13,
2016-06-23,306.0,306.0,306.0,306.0,
2016-06-24,304.86,304.86,304.86,304.86,
2016-06-27,305.6,305.6,305.6,305.6,
2016-06-28,305.73,305.73,305.73,305.73,
2016-06-29,306.34,306.34,306.34,306.34,
2016-06-30,307.92,307.92,307.92,307.92,
2016-07-01,304.68,304.68,304.68,304.68,
2016-07-04,302.92,302.92,302.92,302.92,
2016-07-05,302.05,302.05,302.05,302.05,
2016-07-07,300.97,300.97,300.97,300.97,
2016-07-08,298.66,298.66,298.66,298.66,
2016-07-11,294.94,294.94,294.94,294.94,
2016-07-12,289.46,289.46,289.46,289.46,
2016-07-13,289.35,289.35,289.35,289.35,
2016-07-14,290.39,290.39,290.39,290.39,
2016-07-15,290.29,290.29,290.29,290.29,
2016-07-18,286.94,286.94,286.94,286.94,
2016-07-19,290.56,290.56,290.56,290.56,
2016-07-20,287.91,287.91,287.91,287.91,
2016-07-21,288.19,288.19,288.19,288.19,
2016-07-22,288.89,288.89,288.89,288.89,
2016-07-25,287.53,287.53,287.53,287.53,
2016-07-26,287.51,287.51,287.51,287.51,
2016-07-27,287.36,287.36,287.36,287.36,
2016-07-28,287.42,287.42,287.42,287.42,
2016-07-29,289.36,289.36,289.36,289.36,
2016-08-01,290.11,290.11,290.11,290.11,
2016-08-02,289.1,289.1,289.1,289.1,
2016-08-03,289.32,289.32,289.32,289.32,
2016-08-04,287.73,287.73,287.73,287.73,
2016-08-05,287.82,287.82,287.82,287.82,
2016-08-09,286.97,286.97,286.97,286.97,
2016-08-10,287.05,287.05,287.05,287.05,
2016-08-11,285.43,285.43,285.43,285.43,
2016-08-12,285.79,285.79,285.79,285.79,
2016-08-16,285.16,285.16,285.16,285.16,
2016-08-17,283.48,283.48,283.48,283.48,
2016-08-18,281.09,281.09,281.09,281.09,
2016-08-19,283.42,283.42,283.42,283.42,
2016-08-22,284.03,284.03,284.03,284.03,
2016-08-23,284.23,284.23,284.23,284.23,
2016-08-24,285.97,285.97,285.97,285.97,
2016-08-25,287.26,287.26,287.26,287.26,
2016-08-26,287.79,287.79,287.79,287.79,
2016-08-29,288.23,288.23,288.23,288.23,
2016-08-30,287.69,287.69,287.69,287.69,
2016-08-31,289.8,289.8,289.8,289.8,
2016-09-01,290.76,290.76,290.76,290.76,
2016-09-02,291.43,291.43,291.43,291.43,
2016-09-05,290.78,290.78,290.78,290.78,
2016-09-06,292.42,292.42,292.42,292.42,
2016-09-07,297.73,297.73,297.73,297.73,
2016-09-08,294.22,294.22,294.22,294.22,
2016-09-09,293.83,293.83,293.83,293.83,
2016-09-13,291.78,291.78,291.78,291.78,
2016-09-14,289.52,289.52,289.52,289.52,
2016-09-15,293.54,293.54,293.54,293.54,
2016-09-16,290.37,290.37,290.37,290.37,
2016-09-19,287.55,287.55,287.55,287.55,
2016-09-20,289.04,289.04,289.04,289.04,
2016-09-21,286.69,286.69,286.69,286.69,
2016-09-22,285.68,285.68,285.68,285.68,
2016-09-23,285.39,285.39,285.39,285.39,
2016-09-26,283.22,283.22,283.22,283.22,
2016-09-27,284.83,284.83,284.83,284.83,
2016-09-28,283.12,283.12,283.12,283.12,
2016-09-29,283.73,283.73,283.73,283.73,
2016-09-30,285.11,285.11,285.11,285.11,
2016-10-03,280.95,280.95,280.95,280.95,
2016-10-04,281.75,281.75,281.75,281.75,
2016-10-05,281.2,281.2,281.2,281.2,
2016-10-06,280.55,280.55,280.55,280.55,
2016-10-07,279.99,279.99,279.99,279.99,
2016-10-10,279.53,279.53,279.53,279.53,
2016-10-11,276.84,276.84,276.84,276.84,
2016-10-12,274.95,274.95,274.95,274.95,
2016-10-13,273.21,273.21,273.21,273.21,
2016-10-14,274.36,274.36,274.36,274.36,
2016-10-17,271.61,271.61,271.61,271.61,
2016-10-18,268.15,268.15,268.15,268.15,
2016-10-19,268.4,268.4,268.4,268.4,
2016-10-20,267.98,267.98,267.98,267.98,
2016-10-21,270.84,270.84,270.84,270.84,
2016-10-24,271.0,271.0,271.0,271.0,
2016-10-25,271.24,271.24,271.24,271.24,
2016-10-26,268.94,268.94,268.94,268.94,
2016-10-27,270.33,270.33,270.33,270.33,
2016-10-28,272.4,272.4,272.4,272.4,
2016-10-31,272.78,272.78,272.78,272.78,
2016-11-02,274.45,274.45,274.45,274.45,
2016-11-03,275.37,275.37,275.37,275.37,
2016-11-04,275.41,275.41,275.41,275.41,
2016-11-07,275.12,275.12,275.12,275.12,
2016-11-08,282.11,282.11,282.11,282.11,
2016-11-09,282.06,282.06,282.06,282.06,
2016-11-10,280.39,280.39,280.39,280.39,
2016-11-11,283.92,283.92,283.92,283.92,
2016-11-14,280.16,280.16,280.16,280.16,
2016-11-16,281.64,281.64,281.64,281.64,
2016-11-17,280.94,280.94,280.94,280.94,
2016-11-18,279.22,279.22,279.22,279.22,
2016-11-21,278.08,278.08,278.08,278.08,
2016-11-22,278.05,278.05,278.05,278.05,
2016-11-23,279.67,279.67,279.67,279.67,
2016-11-24,277.17,277.17,277.17,277.17,
2016-11-25,277.71,277.71,277.71,277.71,
2016-11-28,277.44,277.44,277.44,277.44,
2016-11-29,278.33,278.33,278.33,278.33,
2016-11-30,280.05,280.05,280.05,280.05,
2016-12-01,277.4,277.4,277.4,277.4,
2016-12-02,280.75,280.75,280.75,280.75,
2016-12-05,278.84,278.84,278.84,278.84,
2016-12-06,279.07,279.07,279.07,279.07,
2016-12-07,282.3,282.3,282.3,282.3,
2016-12-08,276.21,276.21,276.21,276.21,
2016-12-09,278.87,278.87,278.87,278.87,
2016-12-13,279.49,279.49,279.49,279.49,
2016-12-14,283.28,283.28,283.28,283.28,
2016-12-15,280.75,280.75,280.75,280.75,
2016-12-16,278.6,278.6,278.6,278.6,
2016-12-19,275.23,275.23,275.23,275.23,
2016-12-20,274.85,274.85,274.85,274.85,
2016-12-21,283.77,283.77,283.77,283.77,
2016-12-22,277.44,277.44,277.44,277.44,
2016-12-23,279.06,279.06,279.06,279.06,
2016-12-27,282.96,282.96,282.96,282.96,
2016-12-28,285.67,285.67,285.67,285.67,
2016-12-29,284.94,284.94,284.94,284.94,
2016-12-30,292.17,292.17,292.17,292.17,
2017-01-02,278.36,278.36,278.36,278.36,
2017-01-03,283.45,283.45,283.45,283.45,
2017-01-04,282.83,282.83,282.83,282.83,
2017-01-05,282.54,282.54,282.54,282.54,
2017-01-06,280.28,280.28,280.28,280.28,
2017-01-09,280.93,280.93,280.93,280.93,
2017-01-10,279.32,279.32,279.32,279.32,
2017-01-11,281.38,281.38,281.38,281.38,
2017-01-12,280.68,280.68,280.68,280.68,
2017-01-13,278.05,278.05,278.05,278.05,
2017-01-16,279.19,279.19,279.19,279.19,
2017-01-17,279.81,279.81,279.81,279.81,
2017-01-18,278.21,278.21,278.21,278.21,
2017-01-19,280.21,280.21,280.21,280.21,
2017-01-20,281.32,281.32,281.32,281.32,
2017-01-23,278.96,278.96,278.96,278.96,
2017-01-24,277.59,277.59,277.59,277.59,
2017-01-25,277.3,277.3,277.3,277.3,
2017-01-26,276.98,276.98,276.98,276.98,
2017-01-27,277.11,277.11,277.11,277.11,
2017-01-30,276.32,276.32,276.32,276.32,
2017-01-31,277.66,277.66,277.66,277.66,
2017-02-01,277.21,277.21,277.21,277.21,
2017-02-02,278.36,278.36,278.36,278.36,
2017-02-03,279.63,279.63,279.63,279.63,
2017-02-06,279.4,279.4,279.4,279.4,
2017-02-07,280.19,280.19,280.19,280.19,
2017-02-08,279.47,279.47,279.47,279.47,
2017-02-09,279.38,279.38,279.38,279.38,
2017-02-10,282.16,282.16,282.16,282.16,
2017-02-13,281.06,281.06,281.06,281.06,
2017-02-14,281.3,281.3,281.3,281.3,
2017-02-15,281.43,281.43,281.43,281.43,
2017-02-16,281.84,281.84,281.84,281.84,
2017-02-17,281.76,281.76,281.76,281.76,
2017-02-20,282.57,282.57,282.57,282.57,
2017-02-21,280.83,280.83,280.83,280.83,
2017-02-22,283.86,283.86,283.86,283.86,
2017-02-23,283.06,283.06,283.06,283.06,
2017-02-24,287.13,287.13,287.13,287.13,
2017-02-27,288.36,288.36,288.36,288.36,
2017-02-28,288.54,288.54,288.54,288.54,
2017-03-01,290.44,290.44,290.44,290.44,
2017-03-02,286.08,286.08,286.08,286.08,
2017-03-03,285.91,285.91,285.91,285.91,
2017-03-06,284.56,284.56,284.56,284.56,
2017-03-07,282.98,282.98,282.98,282.98,
2017-03-08,282.15,282.15,282.15,282.15,
2017-03-09,280.55,280.55,280.55,280.55,
2017-03-10,281.85,281.85,281.85,281.85,
2017-03-13,281.43,281.43,281.43,281.43,
2017-03-14,282.17,282.17,282.17,282.17,
2017-03-15,284.11,284.11,284.11,284.11,
2017-03-16,284.63,284.63,284.63,284.63,
2017-03-17,285.18,285.18,285.18,285.18,
2017-03-20,282.81,282.81,282.81,282.81,
2017-03-21,282.26,282.26,282.26,282.26,
2017-03-22,283.47,283.47,283.47,283.47,
2017-03-23,284.84,284.84,284.84,284.84,
2017-03-24,283.58,283.58,283.58,283.58,
2017-03-27,283.16,283.16,283.16,283.16,
2017-03-28,279.32,279.32,279.32,279.32,
2017-03-29,283.82,283.82,283.82,283.82,
2017-03-30,283.35,283.35,283.35,283.35,
2017-03-31,285.92,285.92,285.92,285.92,
2017-04-03,284.82,284.82,284.82,284.82,
2017-04-04,283.23,283.23,283.23,283.23,
2017-04-05,282.77,282.77,282.77,282.77,
2017-04-06,279.63,279.63,279.63,279.63,
2017-04-07,281.29,281.29,281.29,281.29,
2017-04-10,280.53,280.53,280.53,280.53,
2017-04-11,278.28,278.28,278.28,278.28,
2017-04-12,274.84,274.84,274.84,274.84,
2017-04-13,274.88,274.88,274.88,274.88,
2017-04-14,276.49,276.49,276.49,276.49,
2017-04-18,275.57,275.57,275.57,275.57,
2017-04-19,274.43,274.43,274.43,274.43,
2017-04-20,273.11,273.11,273.11,273.11,
2017-04-21,271.55,271.55,271.55,271.55,
2017-04-24,271.22,271.22,271.22,271.22,
2017-04-25,274.5,274.5,274.5,274.5,
2017-04-26,275.48,275.48,275.48,275.48,
2017-04-27,278.12,278.12,278.12,278.12,
2017-04-28,274.01,274.01,274.01,274.01,
2017-05-02,273.67,273.67,273.67,273.67,
2017-05-03,274.85,274.85,274.85,274.85,
2017-05-04,273.08,273.08,273.08,273.08,
2017-05-05,274.52,274.52,274.52,274.52,
2017-05-08,271.95,271.95,271.95,271.95,
2017-05-09,272.13,272.13,272.13,272.13,
2017-05-10,271.52,271.52,271.52,271.52,
2017-05-11,266.55,266.55,266.55,266.55,
2017-05-12,270.95,270.95,270.95,270.95,
2017-05-15,265.49,265.49,265.49,265.49,
2017-05-16,267.33,267.33,267.33,267.33,
2017-05-17,271.12,271.12,271.12,271.12,
2017-05-18,266.31,266.31,266.31,266.31,
2017-05-19,265.02,265.02,265.02,265.02,
2017-05-22,262.73,262.73,262.73,262.73,
2017-05-23,264.19,264.19,264.19,264.19,
2017-05-24,273.4,273.4,273.4,273.4,
2017-05-26,264.82,264.82,264.82,264.82,
2017-05-29,264.37,264.37,264.37,264.37,
2017-05-30,262.46,262.46,262.46,262.46,
2017-05-31,271.39,271.39,271.39,271.39,
2017-06-01,266.38,266.38,266.38,266.38,
2017-06-02,262.65,262.65,262.65,262.65,
2017-06-06,261.69,261.69,261.69,261.69,
2017-06-07,268.97,268.97,268.97,268.97,
2017-06-08,264.47,264.47,264.47,264.47,
2017-06-09,259.54,259.54,259.54,259.54,
2017-06-12,259.66,259.66,259.66,259.66,
2017-06-13,262.1,262.1,262.1,262.1,
2017-06-14,264.66,264.66,264.66,264.66,
2017-06-15,262.27,262.27,262.27,262.27,
2017-06-16,260.91,260.91,260.91,260.91,
2017-06-19,258.51,258.51,258.51,258.51,
2017-06-20,257.08,257.08,257.08,257.08,
2017-06-21,256.99,256.99,256.99,256.99,
2017-06-23,258.11,258.11,258.11,258.11,
2017-06-27,260.22,260.22,260.22,260.22,
2017-06-28,264.79,264.79,264.79,264.79,
2017-06-29,259.14,259.14,259.14,259.14,
2017-06-30,262.39,262.39,262.39,262.39,
2017-07-03,255.78,255.78,255.78,255.78,
2017-07-04,255.85,255.85,255.85,255.85,
2017-07-05,260.4,260.4,260.4,260.4,
2017-07-06,255.55,255.55,255.55,255.55,
2017-07-07,256.01,256.01,256.01,256.01,
2017-07-10,252.28,252.28,252.28,252.28,
2017-07-11,255.05,255.05,255.05,255.05,
2017-07-12,255.07,255.07,255.07,255.07,
2017-07-13,252.93,252.93,252.93,252.93,
2017-07-14,252.9,252.9,252.9,252.9,
2017-07-17,247.66,247.66,247.66,247.66,
2017-07-18,248.97,248.97,248.97,248.97,
2017-07-19,253.84,253.84,253.84,253.84,
2017-07-20,253.3,253.3,253.3,253.3,
2017-07-21,249.16,249.16,249.16,249.16,
2017-07-24,248.59,248.59,248.59,248.59,
2017-07-25,249.65,249.65,249.65,249.65,
2017-07-26,250.65,250.65,250.65,250.65,
2017-07-27,249.3,249.3,249.3,249.3,
2017-07-28,250.23,250.23,250.23,250.23,
2017-07-31,250.61,250.61,250.61,250.61,
2017-08-01,251.93,251.93,251.93,251.93,
2017-08-02,251.55,251.55,251.55,251.55,
2017-08-03,250.19,250.19,250.19,250.19,
2017-08-04,250.41,250.41,250.41,250.41,
2017-08-08,251.58,251.58,251.58,251.58,
2017-08-09,253.04,253.04,253.04,253.04,
2017-08-10,251.24,251.24,251.24,251.24,
2017-08-11,251.2,251.2,251.2,251.2,
2017-08-14,251.58,251.58,251.58,251.58,
2017-08-16,251.2,251.2,251.2,251.2,
2017-08-17,246.69,246.69,246.69,246.69,
2017-08-18,246.63,246.63,246.63,246.63,
2017-08-21,245.22,245.22,245.22,245.22,
2017-08-22,245.44,245.44,245.44,245.44,
2017-08-23,245.65,245.65,245.65,245.65,
2017-08-24,243.93,243.93,243.93,243.93,
2017-08-25,243.46,243.46,243.46,243.46,
2017-08-28,241.84,241.84,241.84,241.84,
2017-08-29,241.6,241.6,241.6,241.6,
2017-08-30,242.83,242.83,242.83,242.83,
2017-08-31,239.98,239.98,239.98,239.98,
2017-09-04,240.68,240.68,240.68,240.68,
2017-09-05,241.63,241.63,241.63,241.63,
2017-09-06,240.92,240.92,240.92,240.92,
2017-09-07,240.38,240.38,240.38,240.38,
2017-09-08,239.35,239.35,239.35,239.35,
2017-09-11,241.23,241.23,241.23,241.23,
2017-09-12,239.8,239.8,239.8,239.8,
2017-09-13,241.02,241.02,241.02,241.02,
2017-09-14,240.2,240.2,240.2,240.2,
2017-09-15,238.38,238.38,238.38,238.38,
2017-09-18,237.42,237.42,237.42,237.42,
2017-09-19,234.96,234.96,234.96,234.96,
2017-09-20,234.74,234.74,234.74,234.74,
2017-09-21,235.42,235.42,235.42,235.42,
2017-09-22,234.84,234.84,234.84,234.84,
2017-09-25,233.21,233.21,233.21,233.21,
2017-09-26,232.48,232.48,232.48,232.48,
2017-09-27,233.79,233.79,233.79,233.79,
2017-09-28,234.43,234.43,234.43,234.43,
2017-09-29,236.07,236.07,236.07,236.07,
2017-10-02,234.77,234.77,234.77,234.77,
2017-10-03,234.15,234.15,234.15,234.15,
2017-10-04,235.77,235.77,235.77,235.77,
2017-10-05,235.5,235.5,235.5,235.5,
2017-10-06,236.9,236.9,236.9,236.9,
2017-10-09,234.99,234.99,234.99,234.99,
2017-10-10,236.34,236.34,236.34,236.34,
2017-10-11,238.38,238.38,238.38,238.38,
2017-10-12,236.9,236.9,236.9,236.9,
2017-10-13,234.58,234.58,234.58,234.58,
2017-10-16,231.68,231.68,231.68,231.68,
2017-10-17,234.18,234.18,234.18,234.18,
2017-10-18,233.42,233.42,233.42,233.42,
2017-10-19,234.18,234.18,234.18,234.18,
2017-10-20,232.46,232.46,232.46,232.46,
2017-10-23,231.11,231.11,231.11,231.11,
2017-10-24,232.09,232.09,232.09,232.09,
2017-10-25,233.28,233.28,233.28,233.28,
2017-10-26,232.26,232.26,232.26,232.26,
2017-10-27,229.83,229.83,229.83,229.83,
2017-10-30,230.16,230.16,230.16,230.16,
2017-10-31,231.04,231.04,231.04,231.04,
2017-11-02,232.16,232.16,232.16,232.16,
2017-11-03,229.42,229.42,229.42,229.42,
2017-11-06,227.99,227.99,227.99,227.99,
2017-11-07,227.88,227.88,227.88,227.88,
2017-11-08,228.56,228.56,228.56,228.56,
2017-11-09,226.99,226.99,226.99,226.99,
2017-11-10,226.07,226.07,226.07,226.07,
2017-11-13,226.57,226.57,226.57,226.57,
2017-11-14,224.91,224.91,224.91,224.91,
2017-11-16,226.02,226.02,226.02,226.02,
2017-11-17,224.46,224.46,224.46,224.46,
2017-11-20,221.05,221.05,221.05,221.05,
2017-11-21,220.49,220.49,220.49,220.49,
2017-11-22,225.79,225.79,225.79,225.79,
2017-11-23,222.49,222.49,222.49,222.49,
2017-11-24,221.11,221.11,221.11,221.11,
2017-11-27,219.66,219.66,219.66,219.66,
2017-11-28,221.25,221.25,221.25,221.25,
2017-11-29,222.41,222.41,222.41,222.41,
2017-11-30,223.47,223.47,223.47,223.47,
2017-12-04,222.27,222.27,222.27,222.27,
2017-12-05,222.1,222.1,222.1,222.1,
2017-12-06,224.45,224.45,224.45,224.45,
2017-12-07,224.38,224.38,224.38,224.38,
2017-12-08,223.62,223.62,223.62,223.62,
2017-12-11,223.21,223.21,223.21,223.21,
2017-12-12,224.03,224.03,224.03,224.03,
2017-12-13,224.14,224.14,224.14,224.14,
2017-12-14,219.65,219.65,219.65,219.65,
2017-12-15,224.0,224.0,224.0,224.0,
2017-12-18,225.42,225.42,225.42,225.42,
2017-12-19,228.1,228.1,228.1,228.1,
2017-12-20,228.46,228.46,228.46,228.46,
2017-12-21,229.89,229.89,229.89,229.89,
2017-12-22,232.85,232.85,232.85,232.85,
2017-12-26,232.2,232.2,232.2,232.2,
2017-12-27,233.4,233.4,233.4,233.4,
2017-12-28,237.12,237.12,237.12,237.12,
2017-12-29,243.06,243.06,243.06,243.06,
2018-01-02,238.19,238.19,238.19,238.19,
2018-01-03,236.54,236.54,236.54,236.54,
2018-01-04,234.57,234.57,234.57,234.57,
2018-01-05,233.77,233.77,233.77,233.77,
2018-01-08,231.11,231.11,231.11,231.11,
2018-01-09,230.2,230.2,230.2,230.2,
2018-01-10,231.79,231.79,231.79,231.79,
2018-01-11,231.25,231.25,231.25,231.25,
2018-01-12,231.58,231.58,231.58,231.58,
2018-01-15,231.1,231.1,231.1,231.1,
2018-01-16,230.7,230.7,230.7,230.7,
2018-01-17,233.09,233.09,233.09,233.09,
2018-01-18,231.25,231.25,231.25,231.25,
2018-01-19,231.5,231.5,231.5,231.5,
2018-01-22,230.45,230.45,230.45,230.45,
2018-01-23,229.61,229.61,229.61,229.61,
2018-01-24,229.74,229.74,229.74,229.74,
2018-01-25,229.41,229.41,229.41,229.41,
2018-01-26,229.27,229.27,229.27,229.27,
2018-01-29,228.18,228.18,228.18,228.18,
2018-01-30,227.49,227.49,227.49,227.49,
2018-01-31,227.21,227.21,227.21,227.21,
2018-02-01,229.36,229.36,229.36,229.36,
2018-02-02,228.84,228.84,228.84,228.84,
2018-02-05,228.46,228.46,228.46,228.46,
2018-02-06,229.54,229.54,229.54,229.54,
2018-02-07,230.69,230.69,230.69,230.69,
2018-02-08,231.2,231.2,231.2,231.2,
2018-02-09,230.69,230.69,230.69,230.69,
2018-02-12,230.19,230.19,230.19,230.19,
2018-02-13,229.2,229.2,229.2,229.2,
2018-02-14,231.61,231.61,231.61,231.61,
2018-02-15,231.01,231.01,231.01,231.01,
2018-02-16,231.82,231.82,231.82,231.82,
2018-02-19,231.4,231.4,231.4,231.4,
2018-02-20,232.43,232.43,232.43,232.43,
2018-02-21,233.14,233.14,233.14,233.14,
2018-02-22,232.2,232.2,232.2,232.2,
2018-02-23,232.45,232.45,232.45,232.45,
2018-02-26,232.26,232.26,232.26,232.26,
2018-02-27,232.7,232.7,232.7,232.7,
2018-02-28,234.17,234.17,234.17,234.17,
2018-03-01,233.84,233.84,233.84,233.84,
2018-03-02,234.75,234.75,234.75,234.75,
2018-03-05,235.56,235.56,235.56,235.56,
2018-03-06,235.85,235.85,235.85,235.85,
2018-03-07,236.36,236.36,236.36,236.36,
2018-03-08,234.0,234.0,234.0,234.0,
2018-03-09,237.48,237.48,237.48,237.48,
2018-03-12,237.52,237.52,237.52,237.52,
2018-03-13,237.59,237.59,237.59,237.59,
2018-03-14,242.02,242.02,242.02,242.02,
2018-03-15,242.03,242.03,242.03,242.03,
2018-03-16,240.95,240.95,240.95,240.95,
2018-03-19,240.03,240.03,240.03,240.03,
2018-03-20,240.25,240.25,240.25,240.25,
2018-03-21,241.53,241.53,241.53,241.53,
2018-03-22,240.91,240.91,240.91,240.91,
2018-03-23,241.3,241.3,241.3,241.3,
2018-03-26,243.37,243.37,243.37,243.37,
2018-03-27,244.77,244.77,244.77,244.77,
2018-03-28,243.98,243.98,243.98,243.98,
2018-03-29,241.57,241.57,241.57,241.57,
2018-03-30,242.54,242.54,242.54,242.54,
2018-04-03,241.24,241.24,241.24,241.24,
2018-04-04,242.79,242.79,242.79,242.79,
2018-04-05,240.2,240.2,240.2,240.2,
2018-04-06,238.91,238.91,238.91,238.91,
2018-04-09,239.4,239.4,239.4,239.4,
2018-04-10,238.82,238.82,238.82,238.82,
2018-04-11,240.75,240.75,240.75,240.75,
2018-04-12,239.1,239.1,239.1,239.1,
2018-04-13,237.44,237.44,237.44,237.44,
2018-04-16,235.99,235.99,235.99,235.99,
2018-04-17,235.8,235.8,235.8,235.8,
2018-04-18,235.16,235.16,235.16,235.16,
2018-04-19,233.59,233.59,233.59,233.59,
2018-04-20,234.91,234.91,234.91,234.91,
2018-04-23,235.79,235.79,235.79,235.79,
2018-04-24,235.69,235.69,235.69,235.69,
2018-04-25,237.54,237.54,237.54,237.54,
2018-04-26,236.51,236.51,236.51,236.51,
2018-04-27,235.83,235.83,235.83,235.83,
2018-04-30,238.86,238.86,238.86,238.86,
2018-05-02,236.97,236.97,236.97,236.97,
2018-05-03,235.85,235.85,235.85,235.85,
2018-05-04,234.49,234.49,234.49,234.49,
2018-05-07,233.6,233.6,233.6,233.6,
2018-05-08,232.15,232.15,232.15,232.15,
2018-05-09,230.62,230.62,230.62,230.62,
2018-05-11,228.7,228.7,228.7,228.7,
2018-05-14,228.78,228.78,228.78,228.78,
2018-05-15,228.42,228.42,228.42,228.42,
2018-05-16,227.02,227.02,227.02,227.02,
2018-05-17,222.95,222.95,222.95,222.95,
2018-05-18,221.69,221.69,221.69,221.69,
2018-05-22,220.44,220.44,220.44,220.44,
2018-05-23,219.05,219.05,219.05,219.05,
2018-05-24,218.27,218.27,218.27,218.27,
2018-05-25,219.58,219.58,219.58,219.58,
2018-05-28,217.93,217.93,217.93,217.93,
2018-05-29,217.73,217.73,217.73,217.73,
2018-05-30,216.94,216.94,216.94,216.94,
2018-05-31,218.39,218.39,218.39,218.39,
2018-06-01,217.72,217.72,217.72,217.72,
2018-06-04,216.91,216.91,216.91,216.91,
2018-06-05,217.9,217.9,217.9,217.9,
2018-06-06,216.98,216.98,216.98,216.98,
2018-06-07,216.95,216.95,216.95,216.95,
2018-06-08,216.86,216.86,216.86,216.86,
2018-06-12,218.41,218.41,218.41,218.41,
2018-06-13,219.04,219.04,219.04,219.04,
2018-06-15,219.24,219.24,219.24,219.24,
2018-06-18,218.73,218.73,218.73,218.73,
2018-06-19,220.03,220.03,220.03,220.03,
2018-06-20,220.16,220.16,220.16,220.16,
2018-06-21,218.36,218.36,218.36,218.36,
2018-06-22,218.79,218.79,218.79,218.79,
2018-06-25,217.56,217.56,217.56,217.56,
2018-06-26,218.47,218.47,218.47,218.47,
2018-06-27,218.93,218.93,218.93,218.93,
2018-06-28,220.06,220.06,220.06,220.06,
2018-06-29,221.35,221.35,221.35,221.35,
2018-07-02,219.51,219.51,219.51,219.51,
2018-07-03,221.09,221.09,221.09,221.09,
2018-07-04,220.46,220.46,220.46,220.46,
2018-07-05,219.47,219.47,219.47,219.47,
2018-07-06,218.8,218.8,218.8,218.8,
2018-07-09,217.8,217.8,217.8,217.8,
2018-07-10,217.79,217.79,217.79,217.79,
2018-07-11,217.08,217.08,217.08,217.08,
2018-07-12,215.98,215.98,215.98,215.98,
2018-07-13,216.02,216.02,216.02,216.02,
2018-07-16,216.51,216.51,216.51,216.51,
2018-07-17,216.26,216.26,216.26,216.26,
2018-07-18,216.69,216.69,216.69,216.69,
2018-07-19,215.41,215.41,215.41,215.41,
2018-07-20,214.0,214.0,214.0,214.0,
2018-07-23,212.47,212.47,212.47,212.47,
2018-07-24,212.83,212.83,212.83,212.83,
2018-07-25,212.5,212.5,212.5,212.5,
2018-07-26,212.71,212.71,212.71,212.71,
2018-07-27,213.39,213.39,213.39,213.39,
2018-07-30,211.73,211.73,211.73,211.73,
2018-07-31,212.51,212.51,212.51,212.51,
2018-08-01,212.03,212.03,212.03,212.03,
2018-08-02,211.21,211.21,211.21,211.21,
2018-08-03,210.24,210.24,210.24,210.24,
2018-08-08,210.32,210.32,210.32,210.32,
2018-08-09,208.62,208.62,208.62,208.62,
2018-08-10,208.45,208.45,208.45,208.45,
2018-08-13,208.5,208.5,208.5,208.5,
2018-08-14,209.0,209.0,209.0,209.0,
2018-08-16,206.49,206.49,206.49,206.49,
2018-08-17,206.45,206.45,206.45,206.45,
2018-08-20,205.29,205.29,205.29,205.29,
2018-08-22,205.71,205.71,205.71,205.71,
2018-08-23,205.79,205.79,205.79,205.79,
2018-08-24,205.56,205.56,205.56,205.56,
2018-08-27,205.98,205.98,205.98,205.98,
2018-08-28,206.74,206.74,206.74,206.74,
2018-08-29,207.14,207.14,207.14,207.14,
2018-08-30,206.81,206.81,206.81,206.81,
2018-08-31,206.68,206.68,206.68,206.68,
2018-09-03,204.52,204.52,204.52,204.52,
2018-09-04,205.12,205.12,205.12,205.12,
2018-09-05,203.58,203.58,203.58,203.58,
2018-09-06,202.81,202.81,202.81,202.81,
2018-09-07,201.56,201.56,201.56,201.56,
2018-09-10,200.61,200.61,200.61,200.61,
2018-09-11,199.24,199.24,199.24,199.24,
2018-09-12,198.72,198.72,198.72,198.72,
2018-09-13,196.8,196.8,196.8,196.8,
2018-09-14,196.52,196.52,196.52,196.52,
2018-09-17,194.05,194.05,194.05,194.05,
2018-09-18,193.62,193.62,193.62,193.62,
2018-09-19,194.31,194.31,194.31,194.31,
2018-09-20,193.81,193.81,193.81,193.81,
2018-09-21,193.59,193.59,193.59,193.59,
2018-09-24,192.46,192.46,192.46,192.46,
2018-09-25,192.48,192.48,192.48,192.48,
2018-09-26,192.47,192.47,192.47,192.47,
2018-09-27,192.19,192.19,192.19,192.19,
2018-09-28,193.47,193.47,193.47,193.47,
2018-10-01,193.01,193.01,193.01,193.01,
2018-10-02,191.31,191.31,191.31,191.31,
2018-10-03,191.82,191.82,191.82,191.82,
2018-10-04,190.69,190.69,190.69,190.69,
2018-10-05,190.77,190.77,190.77,190.77,
2018-10-08,188.28,188.28,188.28,188.28,
2018-10-09,189.32,189.32,189.32,189.32,
2018-10-10,189.34,189.34,189.34,189.34,
2018-10-11,187.97,187.97,187.97,187.97,
2018-10-12,187.0,187.0,187.0,187.0,
2018-10-15,186.8,186.8,186.8,186.8,
2018-10-16,182.88,182.88,182.88,182.88,
2018-10-17,182.74,182.74,182.74,182.74,
2018-10-18,181.77,181.77,181.77,181.77,
2018-10-19,181.59,181.59,181.59,181.59,
2018-10-22,180.74,180.74,180.74,180.74,
2018-10-23,179.16,179.16,179.16,179.16,
2018-10-24,178.42,178.42,178.42,178.42,
2018-10-25,178.03,178.03,178.03,178.03,
2018-10-26,177.08,177.08,177.08,177.08,
2018-10-29,176.29,176.29,176.29,176.29,
2018-10-30,175.14,175.14,175.14,175.14,
2018-10-31,177.5,177.5,177.5,177.5,
2018-11-02,176.59,176.59,176.59,176.59,
2018-11-05,175.92,175.92,175.92,175.92,
2018-11-06,176.06,176.06,176.06,176.06,
2018-11-07,175.59,175.59,175.59,175.59,
2018-11-08,174.51,174.51,174.51,174.51,
2018-11-09,175.27,175.27,175.27,175.27,
2018-11-12,173.89,173.89,173.89,173.89,
2018-11-13,172.94,172.94,172.94,172.94,
2018-11-14,173.2,173.2,173.2,173.2,
2018-11-16,172.34,172.34,172.34,172.34,
2018-11-19,170.44,170.44,170.44,170.44,
2018-11-21,169.65,169.65,169.65,169.65,
2018-11-22,168.38,168.38,168.38,168.38,
2018-11-23,167.88,167.88,167.88,167.88,
2018-11-26,165.15,165.15,165.15,165.15,
2018-11-27,165.52,165.52,165.52,165.52,
2018-11-28,166.19,166.19,166.19,166.19,
2018-11-29,165.1,165.1,165.1,165.1,
2018-11-30,166.49,166.49,166.49,166.49,
2018-12-03,165.04,165.04,165.04,165.04,
2018-12-04,164.02,164.02,164.02,164.02,
2018-12-05,164.42,164.42,164.42,164.42,
2018-12-06,164.02,164.02,164.02,164.02,
2018-12-07,166.95,166.95,166.95,166.95,
2018-12-10,167.72,167.72,167.72,167.72,
2018-12-11,168.76,168.76,168.76,168.76,
2018-12-12,170.89,170.89,170.89,170.89,
2018-12-13,170.24,170.24,170.24,170.24,
2018-12-14,169.69,169.69,169.69,169.69,
2018-12-17,168.98,168.98,168.98,168.98,
2018-12-18,169.57,169.57,169.57,169.57,
2018-12-19,166.44,166.44,166.44,166.44,
2018-12-20,164.14,164.14,164.14,164.14,
2018-12-21,167.61,167.61,167.61,167.61,
2018-12-24,170.08,170.08,170.08,170.08,
2018-12-26,173.35,173.35,173.35,173.35,
2018-12-27,176.35,176.35,176.35,176.35,
2018-12-28,177.12,177.12,177.12,177.12,
2018-12-31,172.24,172.24,172.24,172.24,
2019-01-02,171.73,171.73,171.73,171.73,
2019-01-03,173.98,173.98,173.98,173.98,
2019-01-04,174.45,174.45,174.45,174.45,
2019-01-07,172.61,172.61,172.61,172.61,
2019-01-08,170.66,170.66,170.66,170.66,
2019-01-09,169.72,169.72,169.72,169.72,
2019-01-10,169.71,169.71,169.71,169.71,
2019-01-11,169.35,169.35,169.35,169.35,
2019-01-14,167.73,167.73,167.73,167.73,
2019-01-15,166.15,166.15,166.15,166.15,
2019-01-16,166.46,166.46,166.46,166.46,
2019-01-17,165.52,165.52,165.52,165.52,
2019-01-18,166.09,166.09,166.09,166.09,
2019-01-21,165.79,165.79,165.79,165.79,
2019-01-22,165.62,165.62,165.62,165.62,
2019-01-23,163.81,163.81,163.81,163.81,
2019-01-24,164.38,164.38,164.38,164.38,
2019-01-25,165.14,165.14,165.14,165.14,
2019-01-28,165.01,165.01,165.01,165.01,
2019-01-29,164.25,164.25,164.25,164.25,
2019-01-30,166.01,166.01,166.01,166.01,
2019-01-31,166.59,166.59,166.59,166.59,
2019-02-01,165.42,165.42,165.42,165.42,
2019-02-04,165.13,165.13,165.13,165.13,
2019-02-05,165.12,165.12,165.12,165.12,
2019-02-06,165.14,165.14,165.14,165.14,
2019-02-07,168.07,168.07,168.07,168.07,
2019-02-08,167.23,167.23,167.23,167.23,
2019-02-11,167.43,167.43,167.43,167.43,
2019-02-12,168.44,168.44,168.44,168.44,
2019-02-13,167.92,167.92,167.92,167.92,
2019-02-14,167.84,167.84,167.84,167.84,
2019-02-15,167.64,167.64,167.64,167.64,
2019-02-18,167.56,167.56,167.56,167.56,
2019-02-19,167.55,167.55,167.55,167.55,
2019-02-20,167.82,167.82,167.82,167.82,
2019-02-21,166.49,166.49,166.49,166.49,
2019-02-22,167.92,167.92,167.92,167.92,
2019-02-25,169.08,169.08,169.08,169.08,
2019-02-26,173.05,173.05,173.05,173.05,
2019-02-27,174.22,174.22,174.22,174.22,
2019-02-28,179.15,179.15,179.15,179.15,
2019-03-01,178.72,178.72,178.72,178.72,
2019-03-04,178.73,178.73,178.73,178.73,
2019-03-05,176.9,176.9,176.9,176.9,
2019-03-06,175.6,175.6,175.6,175.6,
2019-03-07,174.95,174.95,174.95,174.95,
2019-03-08,174.88,174.88,174.88,174.88,
2019-03-11,174.15,174.15,174.15,174.15,
2019-03-12,172.82,172.82,172.82,172.82,
2019-03-13,172.88,172.88,172.88,172.88,
2019-03-14,174.62,174.62,174.62,174.62,
2019-03-15,173.96,173.96,173.96,173.96,
2019-03-18,174.44,174.44,174.44,174.44,
2019-03-19,174.64,174.64,174.64,174.64,
2019-03-20,177.15,177.15,177.15,177.15,
2019-03-21,177.28,177.28,177.28,177.28,
2019-03-22,177.81,177.81,177.81,177.81,
2019-03-25,177.17,177.17,177.17,177.17,
2019-03-26,176.99,176.99,176.99,176.99,
2019-03-27,175.86,175.86,175.86,175.86,
2019-03-28,175.45,175.45,175.45,175.45,
2019-03-29,174.5,174.5,174.5,174.5,
2019-04-01,172.57,172.57,172.57,172.57,
2019-04-02,172.44,172.44,172.44,172.44,
2019-04-03,172.13,172.13,172.13,172.13,
2019-04-04,173.79,173.79,173.79,173.79,
2019-04-05,174.7,174.7,174.7,174.7,
2019-04-08,175.16,175.16,175.16,175.16,
2019-04-09,176.01,176.01,176.01,176.01,
2019-04-10,175.43,175.43,175.43,175.43,
2019-04-11,174.73,174.73,174.73,174.73,
2019-04-12,174.28,174.28,174.28,174.28,
2019-04-15,173.1,173.1,173.1,173.1,
2019-04-16,173.75,173.75,173.75,173.75,
2019-04-17,175.25,175.25,175.25,175.25,
2019-04-18,174.35,174.35,174.35,174.35,
2019-04-19,173.73,173.73,173.73,173.73,
2019-04-23,175.74,175.74,175.74,175.74,
2019-04-24,175.91,175.91,175.91,175.91,
2019-04-25,175.55,175.55,175.55,175.55,
2019-04-26,176.31,176.31,176.31,176.31,
2019-04-29,174.49,174.49,174.49,174.49,
2019-04-30,176.85,176.85,176.85,176.85,
2019-05-02,176.87,176.87,176.87,176.87,
2019-05-03,176.21,176.21,176.21,176.21,
2019-05-06,174.44,174.44,174.44,174.44,
2019-05-07,176.23,176.23,176.23,176.23,
2019-05-08,175.77,175.77,175.77,175.77,
2019-05-09,175.32,175.32,175.32,175.32,
2019-05-10,170.41,170.41,170.41,170.41,
2019-05-13,168.01,168.01,168.01,168.01,
2019-05-14,167.85,167.85,167.85,167.85,
2019-05-15,167.43,167.43,167.43,167.43,
2019-05-16,167.48,167.48,167.48,167.48,
2019-05-17,166.61,166.61,166.61,166.61,
2019-05-20,165.19,165.19,165.19,165.19,
2019-05-21,165.72,165.72,165.72,165.72,
2019-05-22,164.57,164.57,164.57,164.57,
2019-05-23,163.92,163.92,163.92,163.92,
2019-05-24,163.89,163.89,163.89,163.89,
2019-05-27,164.01,164.01,164.01,164.01,
2019-05-28,163.75,163.75,163.75,163.75,
2019-05-29,162.74,162.74,162.74,162.74,
2019-05-31,162.88,162.88,162.88,162.88,
2019-06-03,161.1,161.1,161.1,161.1,
2019-06-05,160.93,160.93,160.93,160.93,
2019-06-06,160.44,160.44,160.44,160.44,
2019-06-07,161.47,161.47,161.47,161.47,
2019-06-11,160.86,160.86,160.86,160.86,
2019-06-12,161.1,161.1,161.1,161.1,
2019-06-13,160.27,160.27,160.27,160.27,
2019-06-14,160.38,160.38,160.38,160.38,
2019-06-17,159.04,159.04,159.04,159.04,
2019-06-18,159.27,159.27,159.27,159.27,
2019-06-19,158.86,158.86,158.86,158.86,
2019-06-20,158.61,158.61,158.61,158.61,
2019-06-21,158.81,158.81,158.81,158.81,
2019-06-24,157.73,157.73,157.73,157.73,
2019-06-25,156.35,156.35,156.35,156.35,
2019-06-26,157.73,157.73,157.73,157.73,
2019-06-27,158.26,158.26,158.26,158.26,
2019-06-28,157.79,157.79,157.79,157.79,
2019-07-01,157.98,157.98,157.98,157.98,
2019-07-02,157.63,157.63,157.63,157.63,
2019-07-03,156.89,156.89,156.89,156.89,
2019-07-04,157.0,157.0,157.0,157.0,
2019-07-05,156.79,156.79,156.79,156.79,
2019-07-08,156.35,156.35,156.35,156.35,
2019-07-09,156.38,156.38,156.38,156.38,
2019-07-10,156.14,156.14,156.14,156.14,
2019-07-11,155.91,155.91,155.91,155.91,
2019-07-12,155.93,155.93,155.93,155.93,
2019-07-15,155.52,155.52,155.52,155.52,
2019-07-16,155.18,155.18,155.18,155.18,
2019-07-17,154.5,154.5,154.5,154.5,
2019-07-18,155.09,155.09,155.09,155.09,
2019-07-19,157.08,157.08,157.08,157.08,
2019-07-22,156.24,156.24,156.24,156.24,
2019-07-23,155.14,155.14,155.14,155.14,
2019-07-24,155.47,155.47,155.47,155.47,
2019-07-25,155.99,155.99,155.99,155.99,
2019-07-26,155.68,155.68,155.68,155.68,
2019-07-29,155.55,155.55,155.55,155.55,
2019-07-30,156.25,156.25,156.25,156.25,
2019-07-31,157.3,157.3,157.3,157.3,
2019-08-01,157.15,157.15,157.15,157.15,
2019-08-02,156.49,156.49,156.49,156.49,
2019-08-05,156.36,156.36,156.36,156.36,
2019-08-06,156.5,156.5,156.5,156.5,
2019-08-08,156.16,156.16,156.16,156.16,
2019-08-09,157.17,157.17,157.17,157.17,
2019-08-13,156.23,156.23,156.23,156.23,
2019-08-14,155.8,155.8,155.8,155.8,
2019-08-16,155.26,155.26,155.26,155.26,
2019-08-19,155.21,155.21,155.21,155.21,
2019-08-20,153.95,153.95,153.95,153.95,
2019-08-21,153.68,153.68,153.68,153.68,
2019-08-22,154.04,154.04,154.04,154.04,
2019-08-23,153.97,153.97,153.97,153.97,
2019-08-26,153.91,153.91,153.91,153.91,
2019-08-27,153.73,153.73,153.73,153.73,
2019-08-28,153.63,153.63,153.63,153.63,
2019-08-29,153.54,153.54,153.54,153.54,
2019-08-30,153.11,153.11,153.11,153.11,
2019-09-02,150.52,150.52,150.52,150.52,
2019-09-03,151.26,151.26,151.26,151.26,
2019-09-04,151.13,151.13,151.13,151.13,
2019-09-05,151.92,151.92,151.92,151.92,
2019-09-06,151.15,151.15,151.15,151.15,
2019-09-09,150.44,150.44,150.44,150.44,
2019-09-10,149.61,149.61,149.61,149.61,
2019-09-11,148.94,148.94,148.94,148.94,
2019-09-12,148.48,148.48,148.48,148.48,
2019-09-13,148.85,148.85,148.85,148.85,
2019-09-16,148.86,148.86,148.86,148.86,
2019-09-17,147.86,147.86,147.86,147.86,
2019-09-18,146.55,146.55,146.55,146.55,
2019-09-19,145.89,145.89,145.89,145.89,
2019-09-20,146.32,146.32,146.32,146.32,
2019-09-23,145.18,145.18,145.18,145.18,
2019-09-24,144.02,144.02,144.02,144.02,
2019-09-25,143.83,143.83,143.83,143.83,
2019-09-26,142.0,142.0,142.0,142.0,
2019-09-27,142.84,142.84,142.84,142.84,
2019-09-30,142.4,142.4,142.4,142.4,
2019-10-01,141.91,141.91,141.91,141.91,
2019-10-02,141.16,141.16,141.16,141.16,
2019-10-03,142.05,142.05,142.05,142.05,
2019-10-04,142.35,142.35,142.35,142.35,
2019-10-07,141.4,141.4,141.4,141.4,
2019-10-08,140.19,140.19,140.19,140.19,
2019-10-09,139.04,139.04,139.04,139.04,
2019-10-10,139.61,139.61,139.61,139.61,
2019-10-11,140.0,140.0,140.0,140.0,
2019-10-14,139.99,139.99,139.99,139.99,
2019-10-15,140.22,140.22,140.22,140.22,
2019-10-16,140.7,140.7,140.7,140.7,
2019-10-17,139.66,139.66,139.66,139.66,
2019-10-18,141.02,141.02,141.02,141.02,
2019-10-21,141.2,141.2,141.2,141.2,
2019-10-22,141.44,141.44,141.44,141.44,
2019-10-23,141.8,141.8,141.8,141.8,
2019-10-24,141.54,141.54,141.54,141.54,
2019-10-25,141.77,141.77,141.77,141.77,
2019-10-28,142.15,142.15,142.15,142.15,
2019-10-29,141.7,141.7,141.7,141.7,
2019-10-30,141.78,141.78,141.78,141.78,
2019-10-31,141.87,141.87,141.87,141.87,
2019-11-04,140.99,140.99,140.99,140.99,
2019-11-05,140.75,140.75,140.75,140.75,
2019-11-06,141.94,141.94,141.94,141.94,
2019-11-07,142.19,142.19,142.19,142.19,
2019-11-08,141.82,141.82,141.82,141.82,
2019-11-11,140.9,140.9,140.9,140.9,
2019-11-12,141.32,141.32,141.32,141.32,
2019-11-13,139.97,139.97,139.97,139.97,
2019-11-14,139.8,139.8,139.8,139.8,
2019-11-18,139.84,139.84,139.84,139.84,
2019-11-19,139.55,139.55,139.55,139.55,
2019-11-20,139.59,139.59,139.59,139.59,
2019-11-21,139.53,139.53,139.53,139.53,
2019-11-22,140.39,140.39,140.39,140.39,
2019-11-25,140.09,140.09,140.09,140.09,
2019-11-26,140.73,140.73,140.73,140.73,
2019-11-27,140.85,140.85,140.85,140.85,
2019-11-28,141.03,141.03,141.03,141.03,
2019-11-29,141.68,141.68,141.68,141.68,
2019-12-02,141.92,141.92,141.92,141.92,
2019-12-03,141.49,141.49,141.49,141.49,
2019-12-04,141.38,141.38,141.38,141.38,
2019-12-05,140.94,140.94,140.94,140.94,
2019-12-06,141.91,141.91,141.91,141.91,
2019-12-09,141.3,141.3,141.3,141.3,
2019-12-10,140.45,140.45,140.45,140.45,
2019-12-11,141.5,141.5,141.5,141.5,
2019-12-12,141.12,141.12,141.12,141.12,
2019-12-13,141.06,141.06,141.06,141.06,
2019-12-16,141.89,141.89,141.89,141.89,
2019-12-17,142.36,142.36,142.36,142.36,
2019-12-18,142.34,142.34,142.34,142.34,
2019-12-19,143.15,143.15,143.15,143.15,
2019-12-20,143.71,143.71,143.71,143.71,
2019-12-23,147.39,147.39,147.39,147.39,
2019-12-24,152.61,152.61,152.61,152.61,
2019-12-26,153.29,153.29,153.29,153.29,
2019-12-27,157.46,157.46,157.46,157.46,
2019-12-30,157.12,157.12,157.12,157.12,
2019-12-31,159.24,159.24,159.24,159.24,
2020-01-02,157.49,157.49,157.49,157.49,
2020-01-03,156.59,156.59,156.59,156.59,
2020-01-06,154.28,154.28,154.28,154.28,
2020-01-07,150.67,150.67,150.67,150.67,
2020-01-08,147.78,147.78,147.78,147.78,
2020-01-09,149.15,149.15,149.15,149.15,
2020-01-10,148.29,148.29,148.29,148.29,
2020-01-13,148.14,148.14,148.14,148.14,
2020-01-14,147.83,147.83,147.83,147.83,
2020-01-15,149.58,149.58,149.58,149.58,
2020-01-16,149.12,149.12,149.12,149.12,
2020-01-17,150.89,150.89,150.89,150.89,
2020-01-20,151.8,151.8,151.8,151.8,
2020-01-21,151.78,151.78,151.78,151.78,
2020-01-22,151.84,151.84,151.84,151.84,
2020-01-23,152.38,152.38,152.38,152.38,
2020-01-24,153.45,153.45,153.45,153.45,
2020-01-27,152.68,152.68,152.68,152.68,
2020-01-28,152.29,152.29,152.29,152.29,
2020-01-29,152.33,152.33,152.33,152.33,
2020-01-30,152.85,152.85,152.85,152.85,
2020-01-31,152.79,152.79,152.79,152.79,
2020-02-03,151.5,151.5,151.5,151.5,
2020-02-04,152.2,152.2,152.2,152.2,
2020-02-05,151.5,151.5,151.5,151.5,
2020-02-06,149.65,149.65,149.65,149.65,
2020-02-07,148.67,148.67,148.67,148.67,
2020-02-10,146.45,146.45,146.45,146.45,
2020-02-11,147.3,147.3,147.3,147.3,
2020-02-12,145.75,145.75,145.75,145.75,
2020-02-13,145.38,145.38,145.38,145.38,
2020-02-14,144.71,144.71,144.71,144.71,
2020-02-17,146.11,146.11,146.11,146.11,
2020-02-18,145.63,145.63,145.63,145.63,
2020-02-19,144.56,144.56,144.56,144.56,
2020-02-20,144.11,144.11,144.11,144.11,
2020-02-21,144.39,144.39,144.39,144.39,
2020-02-24,144.14,144.14,144.14,144.14,
2020-02-25,143.31,143.31,143.31,143.31,
2020-02-26,143.82,143.82,143.82,143.82,
2020-02-27,144.95,144.95,144.95,144.95,
2020-02-28,146.01,146.01,146.01,146.01,
2020-03-02,148.61,148.61,148.61,148.61,
2020-03-03,147.12,147.12,147.12,147.12,
2020-03-04,146.78,146.78,146.78,146.78,
2020-03-05,145.86,145.86,145.86,145.86,
2020-03-06,146.46,146.46,146.46,146.46,
2020-03-09,145.73,145.73,145.73,145.73,
2020-03-10,146.18,146.18,146.18,146.18,
2020-03-11,145.38,145.38,145.38,145.38,
2020-03-12,145.05,145.05,145.05,145.05,
2020-03-13,145.05,145.05,145.05,145.05,
2020-03-16,143.95,143.95,143.95,143.95,
2020-03-17,143.17,143.17,143.17,143.17,
2020-03-18,142.73,142.73,142.73,142.73,
2020-03-19,140.03,140.03,140.03,140.03,
2020-03-20,140.11,140.11,140.11,140.11,
2020-03-23,138.27,138.27,138.27,138.27,
2020-03-24,137.93,137.93,137.93,137.93,
2020-03-25,137.16,137.16,137.16,137.16,
2020-03-26,136.16,136.16,136.16,136.16,
2020-03-27,135.24,135.24,135.24,135.24,
2020-03-30,134.65,134.65,134.65,134.65,
2020-03-31,134.09,134.09,134.09,134.09,
2020-04-01,134.27,134.27,134.27,134.27,
2020-04-02,134.04,134.04,134.04,134.04,
2020-04-03,133.55,133.55,133.55,133.55,
2020-04-06,133.18,133.18,133.18,133.18,
2020-04-07,133.07,133.07,133.07,133.07,
2020-04-08,132.89,132.89,132.89,132.89,
2020-04-09,133.23,133.23,133.23,133.23,
2020-04-10,133.46,133.46,133.46,133.46,
2020-04-14,133.76,133.76,133.76,133.76,
2020-04-15,133.67,133.67,133.67,133.67,
2020-04-16,133.22,133.22,133.22,133.22,
2020-04-17,133.45,133.45,133.45,133.45,
2020-04-20,133.48,133.48,133.48,133.48,
2020-04-21,134.26,134.26,134.26,134.26,
2020-04-22,134.21,134.21,134.21,134.21,
2020-04-23,137.54,137.54,137.54,137.54,
2020-04-24,138.25,138.25,138.25,138.25,
2020-04-27,138.42,138.42,138.42,138.42,
2020-04-28,138.52,138.52,138.52,138.52,
2020-04-29,136.69,136.69,136.69,136.69,
2020-04-30,136.84,136.84,136.84,136.84,
2020-05-04,136.78,136.78,136.78,136.78,
2020-05-05,137.41,137.41,137.41,137.41,
2020-05-06,137.5,137.5,137.5,137.5,
2020-05-07,137.25,137.25,137.25,137.25,
2020-05-08,137.78,137.78,137.78,137.78,
2020-05-11,136.88,136.88,136.88,136.88,
2020-05-12,136.9,136.9,136.9,136.9,
2020-05-13,137.49,137.49,137.49,137.49,
2020-05-14,136.95,136.95,136.95,136.95,
2020-05-15,137.15,137.15,137.15,137.15,
2020-05-18,131.24,131.24,131.24,131.24,
2020-05-19,131.35,131.35,131.35,131.35,
2020-05-22,132.63,132.63,132.63,132.63,
2020-05-25,132.4,132.4,132.4,132.4,
2020-05-26,132.12,132.12,132.12,132.12,
2020-05-27,134.19,134.19,134.19,134.19,
2020-05-28,134.21,134.21,134.21,134.21,
2020-05-29,135.03,135.03,135.03,135.03,
2020-06-02,136.7,136.7,136.7,136.7,
2020-06-03,136.09,136.09,136.09,136.09,
2020-06-04,138.2,138.2,138.2,138.2,
2020-06-05,138.83,138.83,138.83,138.83,
2020-06-08,138.73,138.73,138.73,138.73,
2020-06-09,138.72,138.72,138.72,138.72,
2020-06-10,138.64,138.64,138.64,138.64,
2020-06-11,137.08,137.08,137.08,137.08,
2020-06-12,137.76,137.76,137.76,137.76,
2020-06-15,135.87,135.87,135.87,135.87,
2020-06-16,135.75,135.75,135.75,135.75,
2020-06-17,135.14,135.14,135.14,135.14,
2020-06-18,135.23,135.23,135.23,135.23,
2020-06-19,135.77,135.77,135.77,135.77,
2020-06-22,135.85,135.85,135.85,135.85,
2020-06-23,135.59,135.59,135.59,135.59,
2020-06-24,135.32,135.32,135.32,135.32,
2020-06-25,134.36,134.36,134.36,134.36,
2020-06-26,134.88,134.88,134.88,134.88,
2020-06-29,135.28,135.28,135.28,135.28,
2020-06-30,135.86,135.86,135.86,135.86,
2020-07-01,135.81,135.81,135.81,135.81,
2020-07-02,135.0,135.0,135.0,135.0,
2020-07-03,134.81,134.81,134.81,134.81,
2020-07-06,134.05,134.05,134.05,134.05,
2020-07-07,133.2,133.2,133.2,133.2,
2020-07-08,132.09,132.09,132.09,132.09,
2020-07-09,131.68,131.68,131.68,131.68,
2020-07-10,131.33,131.33,131.33,131.33,
2020-07-13,131.37,131.37,131.37,131.37,
2020-07-14,131.22,131.22,131.22,131.22,
2020-07-15,130.33,130.33,130.33,130.33,
2020-07-16,129.78,129.78,129.78,129.78,
2020-07-17,130.64,130.64,130.64,130.64,
2020-07-20,129.72,129.72,129.72,129.72,
2020-07-21,129.41,129.41,129.41,129.41,
2020-07-22,128.57,128.57,128.57,128.57,
2020-07-23,128.3,128.3,128.3,128.3,
2020-07-24,128.47,128.47,128.47,128.47,
2020-07-27,127.75,127.75,127.75,127.75,
2020-07-28,127.73,127.73,127.73,127.73,
2020-07-29,127.73,127.73,127.73,127.73,
2020-07-30,128.61,128.61,128.61,128.61,
2020-08-03,126.9,126.9,126.9,126.9,
2020-08-04,129.03,129.03,129.03,129.03,
2020-08-05,130.01,130.01,130.01,130.01,
2020-08-06,129.67,129.67,129.67,129.67,
2020-08-10,128.63,128.63,128.63,128.63,
2020-08-11,129.81,129.81,129.81,129.81,
2020-08-12,129.5,129.5,129.5,129.5,
2020-08-13,129.47,129.47,129.47,129.47,
2020-08-14,129.93,129.93,129.93,129.93,
2020-08-17,129.27,129.27,129.27,129.27,
2020-08-18,129.22,129.22,129.22,129.22,
2020-08-19,128.96,128.96,128.96,128.96,
2020-08-20,129.29,129.29,129.29,129.29,
2020-08-21,128.54,128.54,128.54,128.54,
2020-08-24,128.27,128.27,128.27,128.27,
2020-08-25,128.49,128.49,128.49,128.49,
2020-08-26,129.94,129.94,129.94,129.94,
2020-08-27,128.92,128.92,128.92,128.92,
2020-08-28,129.15,129.15,129.15,129.15,
2020-08-31,130.57,130.57,130.57,130.57,
2020-09-01,130.05,130.05,130.05,130.05,
2020-09-02,128.4,128.4,128.4,128.4,
2020-09-03,128.2,128.2,128.2,128.2,
2020-09-04,128.9,128.9,128.9,128.9,
2020-09-07,128.4,128.4,128.4,128.4,
2020-09-08,127.29,127.29,127.29,127.29,
2020-09-09,127.24,127.24,127.24,127.24,
2020-09-10,127.94,127.94,127.94,127.94,
2020-09-11,127.72,127.72,127.72,127.72,
2020-09-14,128.44,128.44,128.44,128.44,
2020-09-15,127.17,127.17,127.17,127.17,
2020-09-16,126.52,126.52,126.52,126.52,
2020-09-17,126.92,126.92,126.92,126.92,
2020-09-18,126.33,126.33,126.33,126.33,
2020-09-21,125.65,125.65,125.65,125.65,
2020-09-22,125.87,125.87,125.87,125.87,
2020-09-23,125.67,125.67,125.67,125.67,
2020-09-24,125.33,125.33,125.33,125.33,
2020-09-25,126.34,126.34,126.34,126.34,
2020-09-28,125.57,125.57,125.57,125.57,
2020-09-29,125.56,125.56,125.56,125.56,
2020-09-30,126.25,126.25,126.25,126.25,
2020-10-01,125.24,125.24,125.24,125.24,
2020-10-02,124.12,124.12,124.12,124.12,
2020-10-05,124.18,124.18,124.18,124.18,
2020-10-06,123.67,123.67,123.67,123.67,
2020-10-07,124.26,124.26,124.26,124.26,
2020-10-08,123.05,123.05,123.05,123.05,
2020-10-09,124.03,124.03,124.03,124.03,
2020-10-12,123.54,123.54,123.54,123.54,
2020-10-13,122.75,122.75,122.75,122.75,
2020-10-14,123.1,123.1,123.1,123.1,
2020-10-15,122.37,122.37,122.37,122.37,
2020-10-16,122.88,122.88,122.88,122.88,
2020-10-19,123.36,123.36,123.36,123.36,
2020-10-20,123.35,123.35,123.35,123.35,
2020-10-21,123.46,123.46,123.46,123.46,
2020-10-22,123.7,123.7,123.7,123.7,
2020-10-23,123.82,123.82,123.82,123.82,
2020-10-26,122.19,122.19,122.19,122.19,
2020-10-27,123.79,123.79,123.79,123.79,
2020-10-28,124.96,124.96,124.96,124.96,
2020-10-30,128.18,128.18,128.18,128.18,
2020-11-02,129.82,129.82,129.82,129.82,
2020-11-03,126.86,126.86,126.86,126.86,
2020-11-04,126.81,126.81,126.81,126.81,
2020-11-05,128.34,128.34,128.34,128.34,
2020-11-06,128.33,128.33,128.33,128.33,
2020-11-09,128.9,128.9,128.9,128.9,
2020-11-10,129.06,129.06,129.06,129.06,
2020-11-11,128.94,128.94,128.94,128.94,
2020-11-12,128.48,128.48,128.48,128.48,
2020-11-13,127.86,127.86,127.86,127.86,
2020-11-16,128.31,128.31,128.31,128.31,
2020-11-17,128.97,128.97,128.97,128.97,
2020-11-18,128.98,128.98,128.98,128.98,
2020-11-19,128.64,128.64,128.64,128.64,
2020-11-20,128.82,128.82,128.82,128.82,
2020-11-23,130.31,130.31,130.31,130.31,
2020-11-24,129.54,129.54,129.54,129.54,
2020-11-25,130.23,130.23,130.23,130.23,
2020-11-26,129.91,129.91,129.91,129.91,
2020-11-27,130.86,130.86,130.86,130.86,
2020-11-30,130.86,130.86,130.86,130.86,
2020-12-01,131.63,131.63,131.63,131.63,
2020-12-02,131.52,131.52,131.52,131.52,
2020-12-03,131.69,131.69,131.69,131.69,
2020-12-04,131.17,131.17,131.17,131.17,
2020-12-07,131.48,131.48,131.48,131.48,
2020-12-08,132.59,132.59,132.59,132.59,
2020-12-09,131.12,131.12,131.12,131.12,
2020-12-10,132.4,132.4,132.4,132.4,
2020-12-11,132.76,132.76,132.76,132.76,
2020-12-14,132.71,132.71,132.71,132.71,
2020-12-15,134.17,134.17,134.17,134.17,
2020-12-16,137.26,137.26,137.26,137.26,
2020-12-17,141.33,141.33,141.33,141.33,
2020-12-18,141.81,141.81,141.81,141.81,
2020-12-21,143.0,143.0,143.0,143.0,
2020-12-22,142.73,142.73,142.73,142.73,
2020-12-23,141.01,141.01,141.01,141.01,
2020-12-24,140.83,140.83,140.83,140.83,
2020-12-28,143.46,143.46,143.46,143.46,
2020-12-29,143.12,143.12,143.12,143.12,
2020-12-30,143.95,143.95,143.95,143.95,
2020-12-31,145.37,145.37,145.37,145.37,
2021-01-04,141.57,141.57,141.57,141.57,
2021-01-05,141.18,141.18,141.18,141.18,
2021-01-06,137.99,137.99,137.99,137.99,
2021-01-07,137.67,137.67,137.67,137.67,
2021-01-08,136.41,136.41,136.41,136.41,
2021-01-11,135.56,135.56,135.56,135.56,
2021-01-12,135.06,135.06,135.06,135.06,
2021-01-13,134.77,134.77,134.77,134.77,
2021-01-14,133.24,133.24,133.24,133.24,
2021-01-15,132.23,132.23,132.23,132.23,
2021-01-18,131.85,131.85,131.85,131.85,
2021-01-19,130.87,130.87,130.87,130.87,
2021-01-20,131.16,131.16,131.16,131.16,
2021-01-21,131.62,131.62,131.62,131.62,
2021-01-22,132.1,132.1,132.1,132.1,
2021-01-25,132.84,132.84,132.84,132.84,
2021-01-26,132.98,132.98,132.98,132.98,
2021-01-27,133.88,133.88,133.88,133.88,
2021-01-28,134.28,134.28,134.28,134.28,
2021-01-29,133.82,133.82,133.82,133.82,
2021-02-01,134.94,134.94,134.94,134.94,
2021-02-02,135.15,135.15,135.15,135.15,
2021-02-03,137.2,137.2,137.2,137.2,
2021-02-04,136.75,136.75,136.75,136.75,
2021-02-05,136.15,136.15,136.15,136.15,
2021-02-08,135.75,135.75,135.75,135.75,
2021-02-09,134.62,134.62,134.62,134.62,
2021-02-10,133.46,133.46,133.46,133.46,
2021-02-11,133.58,133.58,133.58,133.58,
2021-02-12,133.07,133.07,133.07,133.07,
2021-02-15,133.35,133.35,133.35,133.35,
2021-02-16,132.78,132.78,132.78,132.78,
2021-02-17,132.84,132.84,132.84,132.84,
2021-02-18,132.79,132.79,132.79,132.79,
2021-02-19,132.67,132.67,132.67,132.67,
2021-02-22,131.78,131.78,131.78,131.78,
2021-02-23,132.95,132.95,132.95,132.95,
2021-02-24,134.03,134.03,134.03,134.03,
2021-02-25,135.07,135.07,135.07,135.07,
2021-02-26,138.68,138.68,138.68,138.68,
2021-03-01,140.42,140.42,140.42,140.42,
2021-03-02,139.36,139.36,139.36,139.36,
2021-03-03,139.55,139.55,139.55,139.55,
2021-03-04,139.54,139.54,139.54,139.54,
2021-03-05,139.56,139.56,139.56,139.56,
2021-03-08,139.6,139.6,139.6,139.6,
2021-03-09,139.73,139.73,139.73,139.73,
2021-03-10,138.98,138.98,138.98,138.98,
2021-03-11,139.65,139.65,139.65,139.65,
2021-03-12,138.33,138.33,138.33,138.33,
2021-03-15,138.74,138.74,138.74,138.74,
2021-03-16,138.66,138.66,138.66,138.66,
2021-03-17,139.24,139.24,139.24,139.24,
2021-03-18,139.57,139.57,139.57,139.57,
2021-03-19,141.68,141.68,141.68,141.68,
2021-03-22,141.71,141.71,141.71,141.71,
2021-03-23,140.43,140.43,140.43,140.43,
2021-03-24,140.37,140.37,140.37,140.37,
2021-03-25,139.62,139.62,139.62,139.62,
2021-03-26,139.61,139.61,139.61,139.61,
2021-03-29,139.95,139.95,139.95,139.95,
2021-03-30,140.06,140.06,140.06,140.06,
2021-03-31,140.81,140.81,140.81,140.81,
2021-04-01,141.24,141.24,141.24,141.24,
2021-04-02,141.21,141.21,141.21,141.21,
2021-04-06,140.7,140.7,140.7,140.7,
2021-04-07,141.57,141.57,141.57,141.57,
2021-04-08,141.84,141.84,141.84,141.84,
2021-04-09,141.82,141.82,141.82,141.82,
2021-04-12,140.56,140.56,140.56,140.56,
2021-04-13,141.24,141.24,141.24,141.24,
2021-04-14,142.42,142.42,142.42,142.42,
2021-04-15,143.72,143.72,143.72,143.72,
2021-04-16,144.32,144.32,144.32,144.32,
2021-04-19,144.7,144.7,144.7,144.7,
2021-04-20,146.63,146.63,146.63,146.63,
2021-04-21,146.99,146.99,146.99,146.99,
2021-04-22,147.89,147.89,147.89,147.89,
2021-04-23,148.21,148.21,148.21,148.21,
2021-04-26,147.87,147.87,147.87,147.87,
2021-04-27,148.35,148.35,148.35,148.35,
2021-04-28,149.46,149.46,149.46,149.46,
2021-04-29,149.4,149.4,149.4,149.4,
2021-04-30,150.37,150.37,150.37,150.37,
2021-05-03,150.78,150.78,150.78,150.78,
2021-05-04,151.31,151.31,151.31,151.31,
2021-05-05,152.07,152.07,152.07,152.07,
2021-05-06,151.57,151.57,151.57,151.57,
2021-05-07,154.18,154.18,154.18,154.18,
2021-05-10,152.07,152.07,152.07,152.07,
2021-05-11,154.16,154.16,154.16,154.16,
2021-05-14,149.44,149.44,149.44,149.44,
2021-05-17,150.56,150.56,150.56,150.56,
2021-05-18,151.49,151.49,151.49,151.49,
2021-05-19,150.86,150.86,150.86,150.86,
2021-05-20,152.31,152.31,152.31,152.31,
2021-05-21,153.7,153.7,153.7,153.7,
2021-05-25,154.73,154.73,154.73,154.73,
2021-05-26,156.65,156.65,156.65,156.65,
2021-05-27,157.47,157.47,157.47,157.47,
2021-05-28,156.72,156.72,156.72,156.72,
2021-05-31,156.31,156.31,156.31,156.31,
2021-06-01,155.87,155.87,155.87,155.87,
2021-06-02,154.9,154.9,154.9,154.9,
2021-06-03,155.03,155.03,155.03,155.03,
2021-06-04,155.39,155.39,155.39,155.39,
2021-06-07,156.47,156.47,156.47,156.47,
2021-06-08,156.78,156.78,156.78,156.78,
2021-06-09,158.3,158.3,158.3,158.3,
2021-06-10,158.79,158.79,158.79,158.79,
2021-06-11,159.62,159.62,159.62,159.62,
2021-06-14,159.94,159.94,159.94,159.94,
2021-06-15,160.14,160.14,160.14,160.14,
2021-06-16,160.45,160.45,160.45,160.45,
2021-06-17,159.95,159.95,159.95,159.95,
2021-06-18,160.47,160.47,160.47,160.47,
2021-06-21,160.5,160.5,160.5,160.5,
2021-06-22,160.92,160.92,160.92,160.92,
2021-06-23,160.0,160.0,160.0,160.0,
2021-06-24,160.71,160.71,160.71,160.71,
2021-06-25,161.58,161.58,161.58,161.58,
2021-06-28,160.53,160.53,160.53,160.53,
2021-06-29,160.03,160.03,160.03,160.03,
2021-06-30,160.07,160.07,160.07,160.07,
2021-07-01,159.28,159.28,159.28,159.28,
2021-07-02,159.85,159.85,159.85,159.85,
2021-07-05,160.02,160.02,160.02,160.02,
2021-07-06,159.65,159.65,159.65,159.65,
2021-07-07,160.37,160.37,160.37,160.37,
2021-07-08,160.7,160.7,160.7,160.7,
2021-07-09,161.37,161.37,161.37,161.37,
2021-07-12,160.0,160.0,160.0,160.0,
2021-07-13,159.57,159.57,159.57,159.57,
2021-07-14,161.11,161.11,161.11,161.11,
2021-07-15,161.91,161.91,161.91,161.91,
2021-07-16,161.52,161.52,161.52,161.52,
2021-07-19,165.14,165.14,165.14,165.14,
2021-07-21,166.01,166.01,166.01,166.01,
2021-07-22,166.67,166.67,166.67,166.67,
2021-07-23,167.24,167.24,167.24,167.24,
2021-07-26,167.16,167.16,167.16,167.16,
2021-07-27,167.66,167.66,167.66,167.66,
2021-07-28,168.07,168.07,168.07,168.07,
2021-07-29,168.66,168.66,168.66,168.66,
2021-07-30,168.17,168.17,168.17,168.17,
2021-08-02,168.1,168.1,168.1,168.1,
2021-08-03,166.92,166.92,166.92,166.92,
2021-08-04,167.73,167.73,167.73,167.73,
2021-08-05,168.33,168.33,168.33,168.33,
2021-08-06,169.32,169.32,169.32,169.32,
2021-08-09,169.03,169.03,169.03,169.03,
2021-08-10,168.92,168.92,168.92,168.92,
2021-08-11,169.8,169.8,169.8,169.8,
2021-08-12,170.24,170.24,170.24,170.24,
2021-08-13,170.51,170.51,170.51,170.51,
2021-08-16,171.1,171.1,171.1,171.1,
2021-08-17,172.77,172.77,172.77,172.77,
2021-08-18,173.76,173.76,173.76,173.76,
2021-08-19,175.69,175.69,175.69,175.69,
2021-08-20,175.85,175.85,175.85,175.85,
2021-08-23,175.65,175.65,175.65,175.65,
2021-08-24,176.52,176.52,176.52,176.52,
2021-08-25,174.76,174.76,174.76,174.76,
2021-08-26,174.77,174.77,174.77,174.77,
2021-08-27,175.41,175.41,175.41,175.41,
2021-08-30,175.59,175.59,175.59,175.59,
2021-08-31,176.31,176.31,176.31,176.31,
2021-09-01,176.12,176.12,176.12,176.12,
2021-09-02,176.76,176.76,176.76,176.76,
2021-09-03,176.48,176.48,176.48,176.48,
2021-09-06,175.97,175.97,175.97,175.97,
2021-09-07,176.31,176.31,176.31,176.31,
2021-09-08,177.01,177.01,177.01,177.01,
2021-09-09,177.57,177.57,177.57,177.57,
2021-09-10,177.85,177.85,177.85,177.85,
2021-09-13,177.7,177.7,177.7,177.7,
2021-09-14,178.12,178.12,178.12,178.12,
2021-09-15,178.72,178.72,178.72,178.72,
2021-09-16,178.93,178.93,178.93,178.93,
2021-09-17,179.52,179.52,179.52,179.52,
2021-09-20,180.41,180.41,180.41,180.41,
2021-09-21,181.37,181.37,181.37,181.37,
2021-09-22,181.87,181.87,181.87,181.87,
2021-09-23,183.94,183.94,183.94,183.94,
2021-09-24,183.51,183.51,183.51,183.51,
2021-09-27,182.67,182.67,182.67,182.67,
2021-09-28,183.17,183.17,183.17,183.17,
2021-09-29,183.62,183.62,183.62,183.62,
2021-09-30,183.98,183.98,183.98,183.98,
2021-10-01,184.88,184.88,184.88,184.88,
2021-10-04,185.2,185.2,185.2,185.2,
2021-10-05,186.06,186.06,186.06,186.06,
2021-10-06,186.15,186.15,186.15,186.15,
2021-10-07,186.24,186.24,186.24,186.24,
2021-10-08,186.0,186.0,186.0,186.0,
2021-10-11,186.88,186.88,186.88,186.88,
2021-10-12,187.61,187.61,187.61,187.61,
2021-10-13,188.2,188.2,188.2,188.2,
2021-10-14,188.7,188.7,188.7,188.7,
2021-10-15,188.79,188.79,188.79,188.79,
2021-10-19,187.97,187.97,187.97,187.97,
2021-10-20,189.35,189.35,189.35,189.35,
2021-10-21,189.93,189.93,189.93,189.93,
2021-10-22,189.93,189.93,189.93,189.93,
2021-10-25,190.21,190.21,190.21,190.21,
2021-10-26,191.67,191.67,191.67,191.67,
2021-10-27,191.96,191.96,191.96,191.96,
2021-10-28,192.9,192.9,192.9,192.9,
2021-10-29,194.93,194.93,194.93,194.93,
2021-11-02,194.66,194.66,194.66,194.66,
2021-11-03,194.21,194.21,194.21,194.21,
2021-11-04,194.13,194.13,194.13,194.13,
2021-11-05,191.85,191.85,191.85,191.85,
2021-11-08,190.51,190.51,190.51,190.51,
2021-11-09,189.6,189.6,189.6,189.6,
2021-11-10,191.25,191.25,191.25,191.25,
2021-11-11,191.3,191.3,191.3,191.3,
2021-11-12,191.21,191.21,191.21,191.21,
2021-11-16,192.04,192.04,192.04,192.04,
2021-11-17,193.21,193.21,193.21,193.21,
2021-11-18,193.2,193.2,193.2,193.2,
2021-11-19,193.71,193.71,193.71,193.71,
2021-11-22,193.15,193.15,193.15,193.15,
2021-11-23,193.31,193.31,193.31,193.31,
2021-11-24,193.0,193.0,193.0,193.0,
2021-11-25,194.08,194.08,194.08,194.08,
2021-11-26,195.8,195.8,195.8,195.8,
2021-11-29,196.56,196.56,196.56,196.56,
2021-11-30,198.33,198.33,198.33,198.33,
2021-12-01,197.27,197.27,197.27,197.27,
2021-12-02,197.36,197.36,197.36,197.36,
2021-12-03,196.94,196.94,196.94,196.94,
2021-12-06,196.32,196.32,196.32,196.32,
2021-12-07,196.61,196.61,196.61,196.61,
2021-12-08,196.33,196.33,196.33,196.33,
2021-12-09,196.61,196.61,196.61,196.61,
2021-12-10,195.99,195.99,195.99,195.99,
2021-12-13,193.66,193.66,193.66,193.66,
2021-12-14,195.45,195.45,195.45,195.45,
2021-12-15,195.24,195.24,195.24,195.24,
2021-12-16,196.3,196.3,196.3,196.3,
2021-12-17,195.18,195.18,195.18,195.18,
2021-12-20,195.99,195.99,195.99,195.99,
2021-12-21,194.93,194.93,194.93,194.93,
2021-12-22,198.4,198.4,198.4,198.4,
2021-12-23,198.39,198.39,198.39,198.39,
2021-12-24,198.41,198.41,198.41,198.41,
2021-12-27,197.7,197.7,197.7,197.7,
2021-12-28,199.14,199.14,199.14,199.14,
2021-12-29,199.3,199.3,199.3,199.3,
2021-12-30,201.64,201.64,201.64,201.64,
2021-12-31,202.28,202.28,202.28,202.28,
2022-01-03,202.08,202.08,202.08,202.08,
2022-01-04,201.33,201.33,201.33,201.33,
2022-01-05,200.66,200.66,200.66,200.66,
2022-01-06,202.03,202.03,202.03,202.03,
2022-01-07,201.8,201.8,201.8,201.8,
2022-01-10,203.43,203.43,203.43,203.43,
2022-01-11,203.93,203.93,203.93,203.93,
2022-01-12,204.18,204.18,204.18,204.18,
2022-01-13,204.32,204.32,204.32,204.32,
2022-01-14,204.11,204.11,204.11,204.11,
2022-01-17,202.83,202.83,202.83,202.83,
2022-01-18,202.77,202.77,202.77,202.77,
2022-01-19,202.78,202.78,202.78,202.78,
2022-01-20,203.18,203.18,203.18,203.18,
2022-01-21,202.28,202.28,202.28,202.28,
2022-01-24,200.17,200.17,200.17,200.17,
2022-01-25,199.55,199.55,199.55,199.55,
2022-01-26,200.22,200.22,200.22,200.22,
2022-01-27,201.27,201.27,201.27,201.27,
2022-01-28,202.54,202.54,202.54,202.54,
2022-01-31,204.24,204.24,204.24,204.24,
2022-02-01,204.51,204.51,204.51,204.51,
2022-02-02,203.95,203.95,203.95,203.95,
2022-02-03,203.78,203.78,203.78,203.78,
2022-02-04,203.08,203.08,203.08,203.08,
2022-02-07,203.22,203.22,203.22,203.22,
2022-02-08,204.68,204.68,204.68,204.68,
2022-02-09,206.19,206.19,206.19,206.19,
2022-02-10,206.12,206.12,206.12,206.12,
2022-02-11,207.26,207.26,207.26,207.26,
2022-02-14,210.06,210.06,210.06,210.06,
2022-02-15,209.58,209.58,209.58,209.58,
2022-02-16,209.27,209.27,209.27,209.27,
2022-02-17,212.21,212.21,212.21,212.21,
2022-02-18,212.47,212.47,212.47,212.47,
2022-02-21,212.0,212.0,212.0,212.0,
2022-02-22,211.55,211.55,211.55,211.55,
2022-02-23,212.92,212.92,212.92,212.92,
2022-02-24,212.98,212.98,212.98,212.98,
2022-02-25,217.13,217.13,217.13,217.13,
2022-02-28,219.62,219.62,219.62,219.62,
2022-03-01,218.79,218.79,218.79,218.79,
2022-03-02,216.83,216.83,216.83,216.83,
2022-03-03,217.48,217.48,217.48,217.48,
2022-03-04,215.7,215.7,215.7,215.7,
2022-03-07,215.72,215.72,215.72,215.72,
2022-03-08,212.58,212.58,212.58,212.58,
2022-03-09,215.44,215.44,215.44,215.44,
2022-03-10,214.61,214.61,214.61,214.61,
2022-03-11,216.15,216.15,216.15,216.15,
2022-03-14,214.87,214.87,214.87,214.87,
2022-03-15,214.41,214.41,214.41,214.41,
2022-03-16,214.52,214.52,214.52,214.52,
2022-03-17,215.02,215.02,215.02,215.02,
2022-03-18,214.07,214.07,214.07,214.07,
2022-03-21,215.06,215.06,215.06,215.06,
2022-03-22,216.91,216.91,216.91,216.91,
2022-03-23,217.03,217.03,217.03,217.03,
2022-03-24,217.65,217.65,217.65,217.65,
2022-03-25,219.93,219.93,219.93,219.93,
2022-03-28,218.18,218.18,218.18,218.18,
2022-03-29,218.66,218.66,218.66,218.66,
2022-03-30,220.98,220.98,220.98,220.98,
2022-03-31,219.34,219.34,219.34,219.34,
2022-04-01,218.81,218.81,218.81,218.81,
2022-04-04,217.57,217.57,217.57,217.57,
2022-04-05,217.74,217.74,217.74,217.74,
2022-04-06,218.36,218.36,218.36,218.36,
2022-04-07,218.21,218.21,218.21,218.21,
2022-04-08,217.92,217.92,217.92,217.92,
2022-04-11,217.13,217.13,217.13,217.13,
2022-04-12,216.91,216.91,216.91,216.91,
2022-04-13,217.43,217.43,217.43,217.43,
2022-04-14,217.25,217.25,217.25,217.25,
2022-04-15,218.88,218.88,218.88,218.88,
2022-04-19,219.4,219.4,219.4,219.4,
2022-04-20,219.33,219.33,219.33,219.33,
2022-04-21,220.67,220.67,220.67,220.67,
2022-04-22,219.68,219.68,219.68,219.68,
2022-04-25,220.68,220.68,220.68,220.68,
2022-04-26,219.22,219.22,219.22,219.22,
2022-04-27,219.58,219.58,219.58,219.58,
2022-04-29,220.25,220.25,220.25,220.25,
2022-05-03,218.24,218.24,218.24,218.24,
2022-05-04,217.56,217.56,217.56,217.56,
2022-05-05,216.14,216.14,216.14,216.14,
2022-05-06,217.33,217.33,217.33,217.33,
2022-05-09,216.25,216.25,216.25,216.25,
2022-05-10,214.65,214.65,214.65,214.65,
2022-05-11,215.13,215.13,215.13,215.13,
2022-05-12,215.98,215.98,215.98,215.98,
2022-05-13,217.53,217.53,217.53,217.53,
2022-05-16,214.15,214.15,214.15,214.15,
2022-05-17,210.24,210.24,210.24,210.24,
2022-05-18,208.79,208.79,208.79,208.79,
2022-05-19,207.72,207.72,207.72,207.72,
2022-05-20,207.16,207.16,207.16,207.16,
2022-05-23,206.27,206.27,206.27,206.27,
2022-05-24,204.99,204.99,204.99,204.99,
2022-05-25,204.88,204.88,204.88,204.88,
2022-05-27,206.19,206.19,206.19,206.19,
2022-05-30,208.32,208.32,208.32,208.32,
2022-05-31,210.68,210.68,210.68,210.68,
2022-06-01,209.45,209.45,209.45,209.45,
2022-06-02,208.66,208.66,208.66,208.66,
2022-06-03,207.37,207.37,207.37,207.37,
2022-06-07,208.5,208.5,208.5,208.5,
2022-06-08,209.01,209.01,209.01,209.01,
2022-06-09,208.05,208.05,208.05,208.05,
2022-06-10,209.01,209.01,209.01,209.01,
2022-06-13,209.49,209.49,209.49,209.49,
2022-06-14,209.95,209.95,209.95,209.95,
2022-06-15,208.93,208.93,208.93,208.93,
2022-06-16,209.76,209.76,209.76,209.76,
2022-06-17,210.43,210.43,210.43,210.43,
2022-06-20,210.33,210.33,210.33,210.33,
2022-06-21,209.72,209.72,209.72,209.72,
2022-06-22,209.96,209.96,209.96,209.96,
2022-06-23,209.4,209.4,209.4,209.4,
2022-06-24,207.83,207.83,207.83,207.83,
2022-06-27,208.02,208.02,208.02,208.02,
2022-06-28,207.72,207.72,207.72,207.72,
2022-06-29,206.94,206.94,206.94,206.94,
2022-06-30,207.65,207.65,207.65,207.65,
2022-07-01,207.35,207.35,207.35,207.35,
2022-07-04,206.61,206.61,206.61,206.61,
2022-07-05,207.79,207.79,207.79,207.79,
2022-07-06,207.12,207.12,207.12,207.12,
2022-07-07,207.92,207.92,207.92,207.92,
2022-07-08,206.88,206.88,206.88,206.88,
2022-07-11,207.39,207.39,207.39,207.39,
2022-07-12,206.82,206.82,206.82,206.82,
2022-07-13,206.5,206.5,206.5,206.5,
2022-07-14,207.27,207.27,207.27,207.27,
2022-07-15,207.29,207.29,207.29,207.29,
2022-07-18,208.36,208.36,208.36,208.36,
2022-07-19,207.64,207.64,207.64,207.64,
2022-07-20,207.55,207.55,207.55,207.55,
2022-07-21,207.57,207.57,207.57,207.57,
2022-07-22,207.1,207.1,207.1,207.1,
2022-07-25,208.69,208.69,208.69,208.69,
2022-07-26,208.33,208.33,208.33,208.33,
2022-07-27,210.39,210.39,210.39,210.39,
2022-07-28,210.41,210.41,210.41,210.41,
2022-07-29,209.87,209.87,209.87,209.87,
2022-08-01,209.3,209.3,209.3,209.3,
2022-08-02,209.12,209.12,209.12,209.12,
2022-08-03,209.64,209.64,209.64,209.64,
2022-08-04,208.35,208.35,208.35,208.35,
2022-08-05,209.24,209.24,209.24,209.24,
2022-08-09,208.51,208.51,208.51,208.51,
2022-08-10,207.99,207.99,207.99,207.99,
2022-08-11,208.21,208.21,208.21,208.21,
2022-08-12,208.43,208.43,208.43,208.43,
2022-08-16,207.99,207.99,207.99,207.99,
2022-08-17,206.88,206.88,206.88,206.88,
2022-08-18,206.7,206.7,206.7,206.7,
2022-08-19,206.92,206.92,206.92,206.92,
2022-08-22,206.63,206.63,206.63,206.63,
2022-08-23,206.47,206.47,206.47,206.47,
2022-08-24,206.47,206.47,206.47,206.47,
2022-08-25,205.63,205.63,205.63,205.63,
2022-08-26,206.07,206.07,206.07,206.07,
2022-08-29,206.06,206.06,206.06,206.06,
2022-08-30,205.63,205.63,205.63,205.63,
2022-08-31,206.85,206.85,206.85,206.85,
2022-09-01,204.76,204.76,204.76,204.76,
2022-09-02,204.07,204.07,204.07,204.07,
2022-09-05,204.13,204.13,204.13,204.13,
2022-09-06,204.21,204.21,204.21,204.21,
2022-09-07,204.62,204.62,204.62,204.62,
2022-09-08,203.74,203.74,203.74,203.74,
2022-09-09,203.57,203.57,203.57,203.57,
2022-09-12,203.76,203.76,203.76,203.76,
2022-09-13,203.69,203.69,203.69,203.69,
2022-09-14,204.86,204.86,204.86,204.86,
2022-09-15,204.66,204.66,204.66,204.66,
2022-09-16,208.49,208.49,208.49,208.49,
2022-09-19,208.67,208.67,208.67,208.67,
2022-09-20,208.18,208.18,208.18,208.18,
2022-09-21,207.24,207.24,207.24,207.24,
2022-09-22,207.21,207.21,207.21,207.21,
2022-09-23,206.84,206.84,206.84,206.84,
2022-09-26,206.02,206.02,206.02,206.02,
2022-09-27,204.62,204.62,204.62,204.62,
2022-09-28,204.69,204.69,204.69,204.69,
2022-09-29,205.43,205.43,205.43,205.43,
2022-09-30,205.32,205.32,205.32,205.32,
2022-10-03,203.11,203.11,203.11,203.11,
2022-10-04,202.77,202.77,202.77,202.77,
2022-10-05,201.36,201.36,201.36,201.36,
2022-10-06,202.57,202.57,202.57,202.57,
2022-10-07,203.74,203.74,203.74,203.74,
2022-10-10,201.77,201.77,201.77,201.77,
2022-10-11,200.98,200.98,200.98,200.98,
2022-10-12,199.08,199.08,199.08,199.08,
2022-10-13,198.78,198.78,198.78,198.78,
2022-10-14,198.81,198.81,198.81,198.81,
2022-10-17,199.85,199.85,199.85,199.85,
2022-10-18,199.18,199.18,199.18,199.18,
2022-10-19,199.82,199.82,199.82,199.82,
2022-10-20,200.47,200.47,200.47,200.47,
2022-10-21,200.89,200.89,200.89,200.89,
2022-10-24,200.29,200.29,200.29,200.29,
2022-10-25,200.01,200.01,200.01,200.01,
2022-10-26,200.84,200.84,200.84,200.84,
2022-10-27,201.84,201.84,201.84,201.84,
2022-10-28,201.5,201.5,201.5,201.5,
2022-10-31,201.89,201.89,201.89,201.89,
2022-11-02,201.38,201.38,201.38,201.38,
2022-11-03,200.68,200.68,200.68,200.68,
2022-11-04,198.96,198.96,198.96,198.96,
2022-11-07,199.59,199.59,199.59,199.59,
2022-11-08,197.53,197.53,197.53,197.53,
2022-11-09,195.21,195.21,195.21,195.21,
2022-11-10,194.86,194.86,194.86,194.86,
2022-11-11,195.24,195.24,195.24,195.24,
2022-11-14,192.89,192.89,192.89,192.89,
2022-11-16,192.86,192.86,192.86,192.86,
2022-11-17,193.75,193.75,193.75,193.75,
2022-11-18,193.56,193.56,193.56,193.56,
2022-11-21,194.37,194.37,194.37,194.37,
2022-11-22,194.16,194.16,194.16,194.16,
2022-11-23,193.98,193.98,193.98,193.98,
2022-11-24,193.69,193.69,193.69,193.69,
2022-11-25,194.46,194.46,194.46,194.46,
2022-11-28,194.04,194.04,194.04,194.04,
2022-11-29,193.32,193.32,193.32,193.32,
2022-11-30,192.62,192.62,192.62,192.62,
2022-12-01,191.61,191.61,191.61,191.61,
2022-12-02,190.23,190.23,190.23,190.23,
2022-12-05,190.95,190.95,190.95,190.95,
2022-12-06,192.36,192.36,192.36,192.36,
2022-12-07,192.24,192.24,192.24,192.24,
2022-12-08,191.64,191.64,191.64,191.64,
2022-12-09,193.38,193.38,193.38,193.38,
2022-12-12,196.36,196.36,196.36,196.36,
2022-12-13,197.01,197.01,197.01,197.01,
2022-12-14,196.76,196.76,196.76,196.76,
2022-12-15,199.4,199.4,199.4,199.4,
2022-12-16,199.55,199.55,199.55,199.55,
2022-12-19,198.27,198.27,198.27,198.27,
2022-12-20,199.25,199.25,199.25,199.25,
2022-12-21,199.48,199.48,199.48,199.48,
2022-12-22,200.86,200.86,200.86,200.86,
2022-12-23,203.02,203.02,203.02,203.02,
2022-12-27,203.29,203.29,203.29,203.29,
2022-12-28,201.78,201.78,201.78,201.78,
2022-12-29,201.5,201.5,201.5,201.5,
2022-12-30,203.22,203.22,203.22,203.22,
2023-01-02,206.34,206.34,206.34,206.34,
2023-01-03,203.99,203.99,203.99,203.99,
2023-01-04,202.69,202.69,202.69,202.69,
2023-01-05,202.45,202.45,202.45,202.45,
2023-01-06,199.94,199.94,199.94,199.94,
2023-01-09,198.91,198.91,198.91,198.91,
2023-01-10,197.59,197.59,197.59,197.59,
2023-01-11,197.05,197.05,197.05,197.05,
2023-01-12,198.88,198.88,198.88,198.88,
2023-01-13,197.37,197.37,197.37,197.37,
2023-01-16,197.04,197.04,197.04,197.04,
2023-01-17,196.42,196.42,196.42,196.42,
2023-01-18,197.26,197.26,197.26,197.26,
2023-01-19,197.14,197.14,197.14,197.14,
2023-01-20,197.94,197.94,197.94,197.94,
2023-01-23,197.47,197.47,197.47,197.47,
2023-01-24,197.58,197.58,197.58,197.58,
2023-01-25,197.85,197.85,197.85,197.85,
2023-01-26,199.22,199.22,199.22,199.22,
2023-01-27,198.52,198.52,198.52,198.52,
2023-01-30,199.44,199.44,199.44,199.44,
2023-01-31,199.26,199.26,199.26,199.26,
2023-02-01,200.75,200.75,200.75,200.75,
2023-02-02,200.76,200.76,200.76,200.76,
2023-02-03,200.44,200.44,200.44,200.44,
2023-02-06,200.89,200.89,200.89,200.89,
2023-02-07,201.12,201.12,201.12,201.12,
2023-02-08,201.23,201.23,201.23,201.23,
2023-02-09,202.5,202.5,202.5,202.5,
2023-02-10,202.55,202.55,202.55,202.55,
2023-02-13,203.65,203.65,203.65,203.65,
2023-02-14,204.18,204.18,204.18,204.18,
2023-02-15,204.59,204.59,204.59,204.59,
2023-02-16,205.8,205.8,205.8,205.8,
2023-02-17,205.48,205.48,205.48,205.48,
2023-02-20,204.72,204.72,204.72,204.72,
2023-02-21,205.18,205.18,205.18,205.18,
2023-02-22,204.44,204.44,204.44,204.44,
2023-02-23,204.3,204.3,204.3,204.3,
2023-02-24,205.37,205.37,205.37,205.37,
2023-02-27,205.49,205.49,205.49,205.49,
2023-02-28,206.18,206.18,206.18,206.18,
2023-03-01,206.09,206.09,206.09,206.09,
2023-03-02,205.88,205.88,205.88,205.88,
2023-03-03,206.18,206.18,206.18,206.18,
2023-03-06,206.73,206.73,206.73,206.73,
2023-03-07,207.1,207.1,207.1,207.1,
2023-03-08,206.32,206.32,206.32,206.32,
2023-03-09,206.99,206.99,206.99,206.99,
2023-03-10,207.85,207.85,207.85,207.85,
2023-03-13,207.79,207.79,207.79,207.79,
2023-03-14,207.37,207.37,207.37,207.37,
2023-03-15,207.12,207.12,207.12,207.12,
2023-03-16,206.36,206.36,206.36,206.36,
2023-03-17,206.1,206.1,206.1,206.1,
2023-03-20,204.71,204.71,204.71,204.71,
2023-03-21,203.73,203.73,203.73,203.73,
2023-03-22,203.69,203.69,203.69,203.69,
2023-03-23,203.53,203.53,203.53,203.53,
2023-03-24,203.38,203.38,203.38,203.38,
2023-03-27,203.03,203.03,203.03,203.03,
2023-03-28,202.65,202.65,202.65,202.65,
2023-03-29,202.22,202.22,202.22,202.22,
2023-03-30,201.38,201.38,201.38,201.38,
2023-03-31,200.61,200.61,200.61,200.61,
2023-04-03,200.04,200.04,200.04,200.04,
2023-04-04,199.95,199.95,199.95,199.95,
2023-04-05,199.37,199.37,199.37,199.37,
2023-04-06,199.91,199.91,199.91,199.91,
2023-04-07,199.62,199.62,199.62,199.62,
2023-04-11,200.12,200.12,200.12,200.12,
2023-04-12,200.13,200.13,200.13,200.13,
2023-04-13,198.99,198.99,198.99,198.99,
2023-04-14,199.72,199.72,199.72,199.72,
2023-04-17,199.31,199.31,199.31,199.31,
2023-04-19,198.55,198.55,198.55,198.55,
2023-04-20,197.7,197.7,197.7,197.7,
2023-04-24,197.75,197.75,197.75,197.75,
2023-04-25,198.72,198.72,198.72,198.72,
2023-04-26,198.49,198.49,198.49,198.49,
2023-04-27,197.38,197.38,197.38,197.38,
2023-04-28,198.02,198.02,198.02,198.02,
2023-05-02,198.47,198.47,198.47,198.47,
2023-05-03,196.58,196.58,196.58,196.58,
2023-05-04,198.58,198.58,198.58,198.58,
2023-05-05,198.91,198.91,198.91,198.91,
2023-05-08,198.88,198.88,198.88,198.88,
2023-05-09,199.59,199.59,199.59,199.59,
2023-05-10,198.75,198.75,198.75,198.75,
2023-05-11,199.85,199.85,199.85,199.85,
2023-05-12,200.4,200.4,200.4,200.4,
2023-05-15,196.08,196.08,196.08,196.08,
2023-05-16,196.47,196.47,196.47,196.47,
2023-05-17,195.98,195.98,195.98,195.98,
2023-05-19,196.54,196.54,196.54,196.54,
2023-05-22,196.52,196.52,196.52,196.52,
2023-05-23,196.26,196.26,196.26,196.26,
2023-05-24,196.26,196.26,196.26,196.26,
2023-05-25,196.42,196.42,196.42,196.42,
2023-05-26,194.89,194.89,194.89,194.89,
2023-05-30,195.5,195.5,195.5,195.5,
2023-05-31,195.51,195.51,195.51,195.51,
2023-06-01,195.04,195.04,195.04,195.04,
2023-06-02,195.04,195.04,195.04,195.04,
2023-06-05,195.6,195.6,195.6,195.6,
2023-06-06,195.71,195.71,195.71,195.71,
2023-06-07,195.92,195.92,195.92,195.92,
2023-06-08,196.05,196.05,196.05,196.05,
2023-06-09,198.94,198.94,198.94,198.94,
2023-06-12,197.21,197.21,197.21,197.21,
2023-06-13,195.05,195.05,195.05,195.05,
2023-06-14,195.51,195.51,195.51,195.51,
2023-06-15,195.13,195.13,195.13,195.13,
2023-06-16,196.36,196.36,196.36,196.36,
2023-06-19,196.88,196.88,196.88,196.88,
2023-06-20,197.13,197.13,197.13,197.13,
2023-06-21,197.17,197.17,197.17,197.17,
2023-06-22,197.85,197.85,197.85,197.85,
2023-06-23,196.83,196.83,196.83,196.83,
2023-06-26,197.44,197.44,197.44,197.44,
2023-06-27,198.2,198.2,198.2,198.2,
2023-06-29,198.85,198.85,198.85,198.85,
2023-06-30,199.98,199.98,199.98,199.98,
2023-07-03,199.99,199.99,199.99,199.99,
2023-07-04,200.09,200.09,200.09,200.09,
2023-07-05,200.97,200.97,200.97,200.97,
2023-07-06,201.27,201.27,201.27,201.27,
2023-07-07,202.47,202.47,202.47,202.47,
2023-07-10,203.02,203.02,203.02,203.02,
2023-07-11,203.12,203.12,203.12,203.12,
2023-07-12,202.83,202.83,202.83,202.83,
2023-07-13,202.91,202.91,202.91,202.91,
2023-07-14,203.38,203.38,203.38,203.38,
2023-07-17,203.75,203.75,203.75,203.75,
2023-07-18,203.83,203.83,203.83,203.83,
2023-07-19,202.18,202.18,202.18,202.18,
2023-07-20,203.95,203.95,203.95,203.95,
2023-07-21,204.77,204.77,204.77,204.77,
2023-07-24,204.28,204.28,204.28,204.28,
2023-07-25,205.16,205.16,205.16,205.16,
2023-07-26,205.68,205.68,205.68,205.68,
2023-07-27,206.76,206.76,206.76,206.76,
2023-07-28,207.95,207.95,207.95,207.95,
2023-07-31,208.48,208.48,208.48,208.48,
2023-08-01,207.91,207.91,207.91,207.91,
2023-08-02,207.97,207.97,207.97,207.97,
2023-08-03,206.06,206.06,206.06,206.06,
2023-08-04,206.27,206.27,206.27,206.27,
2023-08-08,205.36,205.36,205.36,205.36,
2023-08-09,205.32,205.32,205.32,205.32,
2023-08-10,205.97,205.97,205.97,205.97,
2023-08-11,205.42,205.42,205.42,205.42,
2023-08-14,205.93,205.93,205.93,205.93,
2023-08-16,206.74,206.74,206.74,206.74,
2023-08-17,205.97,205.97,205.97,205.97,
2023-08-18,207.16,207.16,207.16,207.16,
2023-08-21,207.38,207.38,207.38,207.38,
2023-08-22,206.59,206.59,206.59,206.59,
2023-08-23,207.47,207.47,207.47,207.47,
2023-08-24,206.9,206.9,206.9,206.9,
2023-08-25,207.67,207.67,207.67,207.67,
2023-08-28,206.36,206.36,206.36,206.36,
2023-08-29,206.44,206.44,206.44,206.44,
2023-08-30,207.23,207.23,207.23,207.23,
2023-08-31,207.82,207.82,207.82,207.82,
2023-09-01,210.89,210.89,210.89,210.89,
2023-09-04,209.8,209.8,209.8,209.8,
2023-09-05,210.92,210.92,210.92,210.92,
2023-09-06,211.65,211.65,211.65,211.65,
2023-09-07,212.55,212.55,212.55,212.55,
2023-09-08,212.75,212.75,212.75,212.75,
2023-09-11,212.51,212.51,212.51,212.51,
2023-09-12,215.1,215.1,215.1,215.1,
2023-09-13,215.35,215.35,215.35,215.35,
2023-09-14,216.07,216.07,216.07,216.07,
2023-09-15,214.98,214.98,214.98,214.98,
2023-09-18,213.47,213.47,213.47,213.47,
2023-09-19,212.5,212.5,212.5,212.5,
2023-09-20,211.76,211.76,211.76,211.76,
2023-09-21,210.89,210.89,210.89,210.89,
2023-09-22,211.17,211.17,211.17,211.17,
2023-09-25,211.5,211.5,211.5,211.5,
2023-09-26,210.39,210.39,210.39,210.39,
2023-09-28,210.09,210.09,210.09,210.09,
2023-09-29,210.59,210.59,210.59,210.59,
2023-10-02,209.92,209.92,209.92,209.92,
2023-10-03,208.58,208.58,208.58,208.58,
2023-10-04,207.9,207.9,207.9,207.9,
2023-10-05,208.78,208.78,208.78,208.78,
2023-10-06,210.05,210.05,210.05,210.05,
2023-10-09,207.96,207.96,207.96,207.96,
2023-10-10,208.19,208.19,208.19,208.19,
2023-10-11,208.59,208.59,208.59,208.59,
2023-10-12,208.88,208.88,208.88,208.88,
2023-10-13,210.66,210.66,210.66,210.66,
2023-10-16,211.13,211.13,211.13,211.13,
2023-10-17,210.95,210.95,210.95,210.95,
2023-10-18,209.05,209.05,209.05,209.05,
2023-10-19,210.18,210.18,210.18,210.18,
2023-10-20,209.79,209.79,209.79,209.79,
2023-10-23,207.94,207.94,207.94,207.94,
2023-10-24,209.34,209.34,209.34,209.34,
2023-10-25,208.88,208.88,208.88,208.88,
2023-10-26,209.57,209.57,209.57,209.57,
2023-10-27,209.2,209.2,209.2,209.2,
2023-10-30,208.74,208.74,208.74,208.74,
2023-10-31,208.02,208.02,208.02,208.02,
2023-11-02,205.96,205.96,205.96,205.96,
2023-11-03,209.62,209.62,209.62,209.62,
2023-11-06,209.28,209.28,209.28,209.28,
2023-11-07,209.31,209.31,209.31,209.31,
2023-11-08,209.29,209.29,209.29,209.29,
2023-11-09,209.59,209.59,209.59,209.59,
2023-11-10,210.16,210.16,210.16,210.16,
2023-11-13,209.47,209.47,209.47,209.47,
2023-11-14,208.84,208.84,208.84,208.84,
2023-11-16,208.95,208.95,208.95,208.95,
2023-11-17,209.31,209.31,209.31,209.31,
2023-11-20,208.83,208.83,208.83,208.83,
2023-11-21,209.6,209.6,209.6,209.6,
2023-11-22,209.88,209.88,209.88,209.88,
2023-11-23,210.11,210.11,210.11,210.11,
2023-11-24,210.52,210.52,210.52,210.52,
2023-11-27,210.3,210.3,210.3,210.3,
2023-11-28,210.91,210.91,210.91,210.91,
2023-11-29,213.7,213.7,213.7,213.7,
2023-11-30,212.91,212.91,212.91,212.91,
2023-12-01,209.92,209.92,209.92,209.92,
2023-12-04,209.56,209.56,209.56,209.56,
2023-12-05,209.62,209.62,209.62,209.62,
2023-12-06,209.86,209.86,209.86,209.86,
2023-12-07,209.25,209.25,209.25,209.25,
2023-12-08,210.57,210.57,210.57,210.57,
2023-12-11,209.56,209.56,209.56,209.56,
2023-12-12,210.2,210.2,210.2,210.2,
2023-12-13,211.18,211.18,211.18,211.18,
2023-12-14,210.38,210.38,210.38,210.38,
2023-12-15,209.85,209.85,209.85,209.85,
2023-12-18,208.62,208.62,208.62,208.62,
2023-12-19,207.99,207.99,207.99,207.99,
2023-12-20,210.39,210.39,210.39,210.39,
2023-12-21,210.09,210.09,210.09,210.09,
2023-12-22,212.09,212.09,212.09,212.09,
2023-12-26,211.54,211.54,211.54,211.54,
2023-12-27,211.74,211.74,211.74,211.74,
2023-12-28,214.92,214.92,214.92,214.92,
2023-12-29,214.15,214.15,214.15,214.15,
2024-01-02,212.77,212.77,212.77,212.77,
2024-01-03,214.47,214.47,214.47,214.47,
2024-01-04,213.58,213.58,213.58,213.58,
2024-01-05,212.82,212.82,212.82,212.82,
2024-01-08,211.59,211.59,211.59,211.59,
2024-01-09,211.26,211.26,211.26,211.26,
2024-01-10,211.03,211.03,211.03,211.03,
2024-01-11,208.94,208.94,208.94,208.94,
2024-01-12,209.33,209.33,209.33,209.33,
2024-01-15,209.58,209.58,209.58,209.58,
2024-01-16,210.21,210.21,210.21,210.21,
2024-01-17,209.74,209.74,209.74,209.74,
2024-01-18,209.56,209.56,209.56,209.56,
2024-01-19,208.83,208.83,208.83,208.83,
2024-01-22,208.54,208.54,208.54,208.54,
2024-01-23,208.57,208.57,208.57,208.57,
2024-01-24,207.75,207.75,207.75,207.75,
2024-01-25,208.67,208.67,208.67,208.67,
2024-01-26,207.9,207.9,207.9,207.9,
2024-01-29,207.75,207.75,207.75,207.75,
2024-01-30,207.46,207.46,207.46,207.46,
2024-01-31,207.64,207.64,207.64,207.64,
2024-02-01,207.4,207.4,207.4,207.4,
2024-02-02,207.88,207.88,207.88,207.88,
2024-02-05,207.81,207.81,207.81,207.81,
2024-02-06,207.61,207.61,207.61,207.61,
2024-02-07,207.16,207.16,207.16,207.16,
2024-02-08,207.91,207.91,207.91,207.91,
2024-02-09,207.86,207.86,207.86,207.86,
2024-02-13,208.27,208.27,208.27,208.27,
2024-02-14,209.18,209.18,209.18,209.18,
2024-02-15,209.37,209.37,209.37,209.37,
2024-02-16,209.68,209.68,209.68,209.68,
2024-02-19,208.88,208.88,208.88,208.88,
2024-02-20,210.69,210.69,210.69,210.69,
2024-02-21,210.38,210.38,210.38,210.38,
2024-02-22,211.53,211.53,211.53,211.53,
2024-02-23,212.47,212.47,212.47,212.47,
2024-02-26,212.58,212.58,212.58,212.58,
2024-02-27,212.19,212.19,212.19,212.19,
2024-02-28,212.58,212.58,212.58,212.58,
2024-02-29,213.5,213.5,213.5,213.5,
2024-03-01,212.54,212.54,212.54,212.54,
2024-03-04,212.96,212.96,212.96,212.96,
2024-03-05,212.21,212.21,212.21,212.21,
2024-03-06,210.92,210.92,210.92,210.92,
2024-03-07,212.17,212.17,212.17,212.17,
2024-03-08,212.98,212.98,212.98,212.98,
2024-03-11,212.32,212.32,212.32,212.32,
2024-03-12,212.76,212.76,212.76,212.76,
2024-03-13,212.55,212.55,212.55,212.55,
2024-03-14,212.07,212.07,212.07,212.07,
2024-03-15,211.92,211.92,211.92,211.92,
2024-03-18,214.13,214.13,214.13,214.13,
2024-03-19,213.59,213.59,213.59,213.59,
2024-03-20,213.8,213.8,213.8,213.8,
2024-03-21,213.43,213.43,213.43,213.43,
2024-03-22,214.29,214.29,214.29,214.29,
2024-03-25,214.52,214.52,214.52,214.52,
2024-03-26,215.04,215.04,215.04,215.04,
2024-03-27,215.15,215.15,215.15,215.15,
2024-03-28,215.92,215.92,215.92,215.92,
2024-03-29,215.6,215.6,215.6,215.6,
2024-04-02,215.8,215.8,215.8,215.8,
2024-04-03,216.34,216.34,216.34,216.34,
2024-04-04,216.12,216.12,216.12,216.12,
2024-04-05,215.3,215.3,215.3,215.3,
2024-04-08,215.52,215.52,215.52,215.52,
2024-04-09,218.59,218.59,218.59,218.59,
2024-04-11,218.79,218.79,218.79,218.79,
2024-04-12,218.34,218.34,218.34,218.34,
2024-04-15,219.15,219.15,219.15,219.15,
2024-04-16,218.03,218.03,218.03,218.03,
2024-04-17,219.36,219.36,219.36,219.36,
2024-04-18,219.14,219.14,219.14,219.14,
2024-04-19,218.6,218.6,218.6,218.6,
2024-04-22,218.18,218.18,218.18,218.18,
2024-04-23,218.94,218.94,218.94,218.94,
2024-04-24,217.41,217.41,217.41,217.41,
2024-04-25,219.17,219.17,219.17,219.17,
2024-04-26,219.85,219.85,219.85,219.85,
2024-04-29,219.26,219.26,219.26,219.26,
2024-04-30,220.67,220.67,220.67,220.67,
2024-05-02,219.92,219.92,219.92,219.92,
2024-05-03,219.19,219.19,219.19,219.19,
2024-05-06,219.15,219.15,219.15,219.15,
2024-05-07,218.95,218.95,218.95,218.95,
2024-05-08,220.33,220.33,220.33,220.33,
2024-05-10,219.91,219.91,219.91,219.91,
2024-05-13,219.97,219.97,219.97,219.97,
2024-05-14,222.62,222.62,222.62,222.62,
2024-05-15,220.2,220.2,220.2,220.2,
2024-05-16,219.4,219.4,219.4,219.4,
2024-05-17,220.13,220.13,220.13,220.13,
2024-05-21,219.48,219.48,219.48,219.48,
2024-05-22,220.68,220.68,220.68,220.68,
2024-05-23,221.45,221.45,221.45,221.45,
2024-05-24,224.44,224.44,224.44,224.44,
2024-05-27,224.62,224.62,224.62,224.62,
2024-05-28,226.12,226.12,226.12,226.12,
2024-05-29,226.07,226.07,226.07,226.07,
2024-05-30,222.57,222.57,222.57,222.57,
2024-05-31,225.29,225.29,225.29,225.29,
2024-06-03,225.2,225.2,225.2,225.2,
2024-06-04,225.95,225.95,225.95,225.95,
2024-06-05,225.41,225.41,225.41,225.41,
2024-06-06,226.48,226.48,226.48,226.48,
2024-06-07,226.12,226.12,226.12,226.12,
2024-06-10,225.67,225.67,225.67,225.67,
2024-06-11,225.95,225.95,225.95,225.95,
2024-06-12,225.85,225.85,225.85,225.85,
2024-06-13,227.59,227.59,227.59,227.59,
2024-06-14,228.88,228.88,228.88,228.88,
2024-06-18,228.35,228.35,228.35,228.35,
2024-06-19,228.27,228.27,228.27,228.27,
2024-06-20,230.3,230.3,230.3,230.3,
2024-06-21,230.05,230.05,230.05,230.05,
2024-06-24,229.48,229.48,229.48,229.48,
2024-06-25,230.21,230.21,230.21,230.21,
2024-06-26,230.06,230.06,230.06,230.06,
2024-06-27,229.19,229.19,229.19,229.19,
2024-06-28,229.7,229.7,229.7,229.7,
2024-07-01,229.08,229.08,229.08,229.08,
2024-07-02,230.33,230.33,230.33,230.33,
2024-07-03,229.66,229.66,229.66,229.66,
2024-07-04,229.88,229.88,229.88,229.88,
2024-07-05,229.48,229.48,229.48,229.48,
2024-07-08,229.93,229.93,229.93,229.93,
2024-07-09,229.73,229.73,229.73,229.73,
2024-07-10,231.73,231.73,231.73,231.73,
2024-07-11,232.6,232.6,232.6,232.6,
2024-07-12,231.66,231.66,231.66,231.66,
2024-07-15,232.59,232.59,232.59,232.59,
2024-07-16,234.94,234.94,234.94,234.94,
2024-07-17,238.38,238.38,238.38,238.38,
2024-07-18,237.89,237.89,237.89,237.89,
2024-07-19,239.18,239.18,239.18,239.18,
2024-07-22,237.44,237.44,237.44,237.44,
2024-07-23,237.1,237.1,237.1,237.1,
2024-07-24,238.45,238.45,238.45,238.45,
2024-07-25,238.31,238.31,238.31,238.31,
2024-07-26,239.3,239.3,239.3,239.3,
2024-07-29,238.95,238.95,238.95,238.95,
2024-07-30,237.35,237.35,237.35,237.35,
2024-07-31,238.66,238.66,238.66,238.66,
2024-08-01,238.0,238.0,238.0,238.0,
2024-08-02,241.32,241.32,241.32,241.32,
2024-08-05,240.18,240.18,240.18,240.18,
2024-08-06,241.46,241.46,241.46,241.46,
2024-08-08,242.77,242.77,242.77,242.77,
2024-08-09,248.54,248.54,248.54,248.54,
2024-08-12,247.86,247.86,247.86,247.86,
2024-08-13,248.88,248.88,248.88,248.88,
2024-08-14,248.91,248.91,248.91,248.91,
2024-08-16,248.13,248.13,248.13,248.13,
2024-08-19,249.75,249.75,249.75,249.75,
2024-08-20,250.22,250.22,250.22,250.22,
2024-08-21,250.67,250.67,250.67,250.67,
2024-08-22,251.61,251.61,251.61,251.61,
2024-08-23,252.92,252.92,252.92,252.92,
2024-08-26,249.33,249.33,249.33,249.33,
2024-08-27,250.52,250.52,250.52,250.52,
2024-08-28,251.89,251.89,251.89,251.89,
2024-08-29,253.51,253.51,253.51,253.51,
2024-08-30,253.67,253.67,253.67,253.67,
2024-09-02,255.79,255.79,255.79,255.79,
2024-09-03,257.93,257.93,257.93,257.93,
2024-09-04,257.9,257.9,257.9,257.9,
2024-09-05,258.48,258.48,258.48,258.48,
2024-09-06,259.27,259.27,259.27,259.27,
2024-09-09,258.3,258.3,258.3,258.3,
2024-09-10,259.54,259.54,259.54,259.54,
2024-09-11,259.07,259.07,259.07,259.07,
2024-09-12,260.56,260.56,260.56,260.56,
2024-09-13,261.24,261.24,261.24,261.24,
2024-09-16,262.04,262.04,262.04,262.04,
2024-09-17,262.02,262.02,262.02,262.02,
2024-09-18,262.1,262.1,262.1,262.1,
2024-09-19,261.27,261.27,261.27,261.27,
2024-09-20,263.76,263.76,263.76,263.76,
2024-09-23,264.84,264.84,264.84,264.84,
2024-09-24,264.23,264.23,264.23,264.23,
2024-09-25,264.25,264.25,264.25,264.25,
2024-09-26,264.19,264.19,264.19,264.19,
2024-09-27,265.28,265.28,265.28,265.28,
2024-09-30,263.7,263.7,263.7,263.7,
2024-10-01,263.73,263.73,263.73,263.73,
2024-10-02,263.14,263.14,263.14,263.14,
2024-10-03,264.43,264.43,264.43,264.43,
2024-10-04,264.27,264.27,264.27,264.27,
2024-10-07,266.63,266.63,266.63,266.63,
2024-10-08,269.72,269.72,269.72,269.72,
2024-10-09,269.31,269.31,269.31,269.31,
2024-10-10,269.0,269.0,269.0,269.0,
2024-10-11,267.33,267.33,267.33,267.33,
2024-10-14,264.75,264.75,264.75,264.75,
2024-10-15,263.75,263.75,263.75,263.75,
2024-10-16,262.83,262.83,262.83,262.83,
2024-10-17,263.49,263.49,263.49,263.49,
2024-10-18,263.11,263.11,263.11,263.11,
2024-10-21,262.71,262.71,262.71,262.71,
2024-10-22,264.28,264.28,264.28,264.28,
2024-10-23,265.32,265.32,265.32,265.32,
2024-10-24,265.9,265.9,265.9,265.9,
2024-10-25,266.9,266.9,266.9,266.9,
2024-10-28,269.0,269.0,269.0,269.0,
2024-10-29,269.07,269.07,269.07,269.07,
2024-10-30,270.53,270.53,270.53,270.53,
2024-10-31,271.09,271.09,271.09,271.09,
2024-11-04,272.0,272.0,272.0,272.0,
2024-11-05,269.45,269.45,269.45,269.45,
2024-11-06,269.48,269.48,269.48,269.48,
2024-11-07,270.2,270.2,270.2,270.2,
2024-11-08,271.33,271.33,271.33,271.33,
2024-11-11,274.78,274.78,274.78,274.78,
2024-11-12,271.22,271.22,271.22,271.22,
2024-11-13,273.63,273.63,273.63,273.63,
2024-11-14,272.43,272.43,272.43,272.43,
2024-11-18,273.54,273.54,273.54,273.54,
2024-11-19,274.93,274.93,274.93,274.93,
2024-11-20,274.1,274.1,274.1,274.1,
2024-11-21,273.63,273.63,273.63,273.63,
2024-11-22,274.87,274.87,274.87,274.87,
2024-11-25,274.15,274.15,274.15,274.15,
2024-11-26,273.57,273.57,273.57,273.57,
2024-11-27,273.45,273.45,273.45,273.45,
2024-11-28,274.05,274.05,274.05,274.05,
2024-11-29,274.79,274.79,274.79,274.79,
2024-12-02,273.36,273.36,273.36,273.36,
2024-12-03,274.15,274.15,274.15,274.15,
2024-12-04,273.82,273.82,273.82,273.82,
2024-12-05,274.13,274.13,274.13,274.13,
2024-12-06,275.4,275.4,275.4,275.4,
2024-12-09,275.13,275.13,275.13,275.13,
2024-12-10,274.64,274.64,274.64,274.64,
2024-12-11,274.77,274.77,274.77,274.77,
2024-12-12,274.23,274.23,274.23,274.23,
2024-12-13,275.48,275.48,275.48,275.48,
2024-12-16,275.73,275.73,275.73,275.73,
2024-12-17,273.88,273.88,273.88,273.88,
2024-12-18,273.98,273.98,273.98,273.98,
2024-12-19,274.34,274.34,274.34,274.34,
2024-12-20,274.38,274.38,274.38,274.38,
2024-12-23,275.29,275.29,275.29,275.29,
2024-12-24,273.27,273.27,273.27,273.27,
2024-12-26,272.75,272.75,272.75,272.75,
2024-12-27,272.47,272.47,272.47,272.47,
2024-12-30,272.21,272.21,272.21,272.21,
2024-12-31,276.02,276.02,276.02,276.02,
2025-01-02,276.13,276.13,276.13,276.13,
2025-01-03,275.91,275.91,275.91,275.91,
2025-01-06,275.83,275.83,275.83,275.83,
2025-01-07,274.38,274.38,274.38,274.38,
2025-01-08,273.13,273.13,273.13,273.13,
2025-01-09,272.24,272.24,272.24,272.24,
2025-01-10,271.77,271.77,271.77,271.77,
2025-01-13,274.1,274.1,274.1,274.1,
2025-01-14,270.66,270.66,270.66,270.66,
2025-01-15,270.09,270.09,270.09,270.09,
2025-01-16,270.93,270.93,270.93,270.93,
2025-01-17,273.52,273.52,273.52,273.52,
2025-01-20,272.53,272.53,272.53,272.53,
2025-01-21,272.09,272.09,272.09,272.09,
2025-01-22,272.18,272.18,272.18,272.18,
2025-01-23,273.5,273.5,273.5,273.5,
2025-01-24,274.07,274.07,274.07,274.07,
2025-01-27,276.31,276.31,276.31,276.31,
2025-01-28,278.16,278.16,278.16,278.16,
2025-01-29,278.65,278.65,278.65,278.65,
2025-01-30,275.71,275.71,275.71,275.71,
2025-01-31,277.9,277.9,277.9,277.9,
2025-02-03,277.24,277.24,277.24,277.24,
2025-02-04,279.71,279.71,279.71,279.71,
2025-02-05,280.07,280.07,280.07,280.07,
2025-02-06,282.03,282.03,282.03,282.03,
2025-02-07,283.07,283.07,283.07,283.07,
2025-02-10,281.33,281.33,281.33,281.33,
2025-02-11,280.81,280.81,280.81,280.81,
2025-02-12,283.36,283.36,283.36,283.36,
2025-02-13,282.65,282.65,282.65,282.65,
2025-02-14,283.99,283.99,283.99,283.99,
2025-02-17,284.72,284.72,284.72,284.72,
2025-02-18,285.93,285.93,285.93,285.93,
2025-02-19,287.74,287.74,287.74,287.74,
2025-02-20,291.22,291.22,291.22,291.22,
2025-02-21,293.78,293.78,293.78,293.78,
2025-02-24,292.77,292.77,292.77,292.77,
2025-02-25,289.61,289.61,289.61,289.61,
2025-02-26,290.47,290.47,290.47,290.47,
2025-02-27,291.12,291.12,291.12,291.12,
2025-02-28,292.49,292.49,292.49,292.49,
2025-03-03,292.75,292.75,292.75,292.75,
2025-03-04,290.27,290.27,290.27,290.27,
2025-03-05,291.59,291.59,291.59,291.59,
2025-03-06,292.64,292.64,292.64,292.64,
2025-03-07,293.14,293.14,293.14,293.14,
2025-03-10,292.47,292.47,292.47,292.47,
2025-03-11,291.85,291.85,291.85,291.85,
2025-03-12,291.84,291.84,291.84,291.84,
2025-03-13,290.91,290.91,290.91,290.91,
2025-03-14,291.92,291.92,291.92,291.92,
2025-03-17,292.08,292.08,292.08,292.08,
2025-03-18,291.98,291.98,291.98,291.98,
2025-03-19,288.93,288.93,288.93,288.93,
2025-03-20,284.93,284.93,284.93,284.93,
2025-03-21,283.12,283.12,283.12,283.12,
2025-03-24,284.48,284.48,284.48,284.48,
2025-03-25,283.97,283.97,283.97,283.97,
2025-03-26,285.43,285.43,285.43,285.43,
2025-03-28,287.43,287.43,287.43,287.43,
2025-04-01,288.02,288.02,288.02,288.02,
2025-04-02,287.93,287.93,287.93,287.93,
2025-04-03,287.75,287.75,287.75,287.75,
2025-04-04,288.73,288.73,288.73,288.73,
2025-04-07,287.94,287.94,287.94,287.94,
2025-04-08,287.76,287.76,287.76,287.76,
2025-04-09,284.89,284.89,284.89,284.89,
2025-04-10,289.19,289.19,289.19,289.19,
2025-04-11,290.79,290.79,290.79,290.79,
2025-04-14,287.19,287.19,287.19,287.19,
2025-04-15,286.59,286.59,286.59,286.59,
2025-04-16,285.81,285.81,285.81,285.81,
2025-04-17,288.57,288.57,288.57,288.57,
2025-04-18,281.52,281.52,281.52,281.52,
2025-04-22,285.94,285.94,285.94,285.94,
2025-04-23,285.6,285.6,285.6,285.6,
2025-04-24,287.88,287.88,287.88,287.88,
2025-04-25,287.27,287.27,287.27,287.27,
2025-04-28,285.87,285.87,285.87,285.87,
2025-04-29,287.71,287.71,287.71,287.71,
2025-04-30,287.07,287.07,287.07,287.07,
2025-05-02,289.52,289.52,289.52,289.52,
2025-05-05,287.75,287.75,287.75,287.75,
2025-05-06,290.62,290.62,290.62,290.62,
2025-05-07,291.26,291.26,291.26,291.26,
2025-05-08,292.54,292.54,292.54,292.54,
2025-05-09,295.02,295.02,295.02,295.02,
2025-05-12,295.6,295.6,295.6,295.6,
2025-05-13,296.46,296.46,296.46,296.46,
2025-05-14,298.17,298.17,298.17,298.17,
2025-05-15,300.38,300.38,300.38,300.38,
2025-05-16,301.29,301.29,301.29,301.29,
2025-05-19,302.01,302.01,302.01,302.01,
2025-05-20,303.39,303.39,303.39,303.39,
2025-05-21,303.31,303.31,303.31,303.31,
2025-05-22,302.57,302.57,302.57,302.57,
2025-05-23,303.25,303.25,303.25,303.25,
2025-05-26,301.74,301.74,301.74,301.74,
2025-05-27,303.83,303.83,303.83,303.83,
2025-05-28,302.76,302.76,302.76,302.76,
2025-05-30,303.03,303.03,303.03,303.03,
2025-06-02,302.8,302.8,302.8,302.8,
2025-06-03,301.49,301.49,301.49,301.49,
2025-06-04,302.17,302.17,302.17,302.17,
2025-06-05,302.06,302.06,302.06,302.06,
2025-06-10,304.34,304.34,304.34,304.34,
2025-06-11,305.61,305.61,305.61,305.61,
2025-06-12,306.87,306.87,306.87,306.87,
2025-06-13,306.17,306.17,306.17,306.17,
2025-06-16,306.33,306.33,306.33,306.33,
2025-06-17,308.1,308.1,308.1,308.1,
2025-06-18,309.09,309.09,309.09,309.09,
2025-06-19,310.94,310.94,310.94,310.94,
2025-06-20,313.02,313.02,313.02,313.02,
2025-06-23,312.41,312.41,312.41,312.41,
2025-06-24,311.92,311.92,311.92,311.92,
2025-06-25,309.98,309.98,309.98,309.98,
2025-06-26,312.12,312.12,312.12,312.12,
2025-06-27,309.32,309.32,309.32,309.32,
2025-06-30,312.04,312.04,312.04,312.04,
2025-07-01,308.45,308.45,308.45,308.45,
2025-07-02,306.15,306.15,306.15,306.15,
2025-07-03,308.28,308.28,308.28,308.28,
2025-07-04,309.88,309.88,309.88,309.88,
2025-07-07,308.33,308.33,308.33,308.33,
2025-07-08,304.48,304.48,304.48,304.48,
2025-07-09,303.95,303.95,303.95,303.95,
2025-07-10,305.39,305.39,305.39,305.39,
2025-07-11,305.93,305.93,305.93,305.93,
2025-07-14,305.07,305.07,305.07,305.07,
2025-07-15,306.52,306.52,306.52,306.52,
2025-07-16,310.25,310.25,310.25,310.25,
2025-07-17,306.35,306.35,306.35,306.35,
2025-07-18,306.95,306.95,306.95,306.95,
2025-07-21,307.44,307.44,307.44,307.44,
2025-07-22,309.16,309.16,309.16,309.16,
2025-07-23,309.23,309.23,309.23,309.23,
2025-07-24,310.1,310.1,310.1,310.1,
2025-07-25,311.4,311.4,311.4,311.4,
2025-07-28,309.73,309.73,309.73,309.73,
2025-07-29,310.78,310.78,310.78,310.78,
2025-07-30,311.27,311.27,311.27,311.27,
2025-07-31,310.89,310.89,310.89,310.89,
2025-08-01,313.1,313.1,313.1,313.1,
2025-08-04,311.29,311.29,311.29,311.29,
2025-08-05,310.86,310.86,310.86,310.86,
2025-08-06,311.95,311.95,311.95,311.95,
2025-08-08,311.72,311.72,311.72,311.72,
2025-08-11,311.77,311.77,311.77,311.77,
2025-08-12,312.4,312.4,312.4,312.4,
2025-08-13,313.34,313.34,313.34,313.34,
2025-08-14,314.77,314.77,314.77,314.77,
2025-08-18,315.82,315.82,315.82,315.82,
2025-08-19,317.72,317.72,317.72,317.72,
2025-08-20,317.3,317.3,317.3,317.3,
2025-08-21,318.59,318.59,318.59,318.59,
2025-08-22,319.04,319.04,319.04,319.04,
2025-08-25,317.51,317.51,317.51,317.51,
2025-08-26,320.91,320.91,320.91,320.91,
2025-08-27,318.59,318.59,318.59,318.59,
2025-08-28,318.99,318.99,318.99,318.99,
2025-08-29,320.53,320.53,320.53,320.53,
2025-09-01,319.47,319.47,319.47,319.47,
2025-09-02,319.27,319.27,319.27,319.27,
2025-09-03,320.19,320.19,320.19,320.19,
2025-09-05,320.85,320.85,320.85,320.85,
2025-09-08,320.63,320.63,320.63,320.63,
2025-09-09,320.42,320.42,320.42,320.42,
2025-09-10,320.8,320.8,320.8,320.8,
2025-09-11,321.29,321.29,321.29,321.29,
2025-09-12,321.68,321.68,321.68,321.68,
2025-09-15,322.09,322.09,322.09,322.09,
2025-09-16,322.01,322.01,322.01,322.01,
2025-09-17,322.42,322.42,322.42,322.42,
2025-09-18,323.76,323.76,323.76,323.76,
2025-09-19,324.59,324.59,324.59,324.59,
2025-09-22,323.11,323.11,323.11,323.11,
2025-09-23,323.35,323.35,323.35,323.35,
2025-09-24,324.07,324.07,324.07,324.07,
2025-09-25,325.18,325.18,325.18,325.18,
2025-09-26,324.71,324.71,324.71,324.71,
2025-09-29,323.48,323.48,323.48,323.48,
2025-09-30,323.77,323.77,323.77,323.77,
2025-10-01,325.21,325.21,325.21,325.21,
2025-10-02,326.14,326.14,326.14,326.14,
2025-10-03,325.14,325.14,325.14,325.14,
2025-10-06,329.65,329.65,329.65,329.65,
2025-10-07,328.98,328.98,328.98,328.98,
2025-10-08,331.11,331.11,331.11,331.11,
2025-10-09,332.53,332.53,332.53,332.53,
2025-10-10,332.61,332.61,332.61,332.61,
2025-10-13,333.57,333.57,333.57,333.57,
2025-10-14,332.88,332.88,332.88,332.88,
2025-10-15,337.55,337.55,337.55,337.55,
2025-10-16,332.92,332.92,332.92,332.92,
2025-10-17,333.28,333.28,333.28,333.28,
2025-10-20,337.02,337.02,337.02,337.02,
2025-10-21,336.18,336.18,336.18,336.18,
2025-10-22,338.43,338.43,338.43,338.43,
2025-10-23,337.38,337.38,337.38,337.38,
2025-10-24,339.36,339.36,339.36,339.36,
2025-10-27,341.58,341.58,341.58,341.58,
2025-10-28,340.93,340.93,340.93,340.93,
2025-10-29,343.84,343.84,343.84,343.84,
2025-10-30,344.36,344.36,344.36,344.36,
2025-10-31,342.65,342.65,342.65,342.65,
2025-11-03,339.12,339.12,339.12,339.12,
2025-11-04,337.2,337.2,337.2,337.2,
2025-11-05,334.57,334.57,334.57,334.57,
2025-11-06,337.34,337.34,337.34,337.34,
2025-11-07,336.5,336.5,336.5,336.5,
2025-11-10,335.94,335.94,335.94,335.94,
2025-11-11,337.64,337.64,337.64,337.64,
2025-11-12,337.37,337.37,337.37,337.37,
2025-11-13,337.94,337.94,337.94,337.94,
2025-11-14,336.98,336.98,336.98,336.98,
2025-11-17,340.44,340.44,340.44,340.44,
2025-11-18,340.16,340.16,340.16,340.16,
2025-11-19,343.9,343.9,343.9,343.9,
2025-11-20,344.42,344.42,344.42,344.42,
2025-11-21,344.28,344.28,344.28,344.28,
2025-11-24,343.66,343.66,343.66,343.66,
2025-11-25,345.01,345.01,345.01,345.01,
2025-11-26,347.78,347.78,347.78,347.78,
2025-11-27,347.22,347.22,347.22,347.22,
2025-11-28,345.91,345.91,345.91,345.91,
2025-12-01,354.14,354.14,354.14,354.14,
2025-12-02,350.33,350.33,350.33,350.33,
2025-12-03,352.42,352.42,352.42,352.42,
2025-12-04,353.29,353.29,353.29,353.29,
2025-12-05,352.87,352.87,352.87,352.87,
2025-12-08,352.77,352.77,352.77,352.77,
2025-12-09,350.57,350.57,350.57,350.57,
2025-12-10,349.31,349.31,349.31,349.31,
2025-12-11,347.37,347.37,347.37,347.37,
2025-12-12,347.81,347.81,347.81,347.81,
2025-12-15,347.14,347.14,347.14,347.14,
2025-12-16,345.97,345.97,345.97,345.97,
2025-12-17,346.23,346.23,346.23,346.23,
2025-12-18,342.66,342.66,342.66,342.66,
2025-12-19,343.83,343.83,343.83,343.83,
2025-12-22,340.78,340.78,340.78,340.78,
2025-12-23,339.58,339.58,339.58,339.58,
2025-12-24,339.75,339.75,339.75,339.75,
2025-12-26,340.86,340.86,340.86,340.86,
2025-12-29,340.51,340.51,340.51,340.51,
2025-12-30,339.96,339.96,339.96,339.96,
2025-12-31,345.75,345.75,345.75,345.75,
2026-01-02,344.48,344.48,344.48,344.48,
2026-01-05,339.85,339.85,339.85,339.85,
2026-01-06,342.14,342.14,342.14,342.14,
2026-01-07,343.73,343.73,343.73,343.73,
2026-01-08,343.62,343.62,343.62,343.62,
2026-01-09,341.95,341.95,341.95,341.95,
2026-01-12,344.48,344.48,344.48,344.48,
2026-01-13,346.06,346.06,346.06,346.06,
2026-01-14,346.13,346.13,346.13,346.13,
2026-01-15,348.65,348.65,348.65,348.65,
2026-01-16,350.94,350.94,350.94,350.94,
2026-01-19,353.18,353.18,353.18,353.18,
2026-01-20,351.47,351.47,351.47,351.47,
2026-01-21,353.99,353.99,353.99,353.99,
2026-01-22,354.56,354.56,354.56,354.56,
2026-01-23,356.33,356.33,356.33,356.33,
2026-01-26,355.01,355.01,355.01,355.01,
2026-01-27,356.47,356.47,356.47,356.47,
2026-01-28,359.14,359.14,359.14,359.14,
2026-01-29,362.09,362.09,362.09,362.09,
2026-01-30,364.92,364.92,364.92,364.92,
2026-02-02,365.18,365.18,365.18,365.18,
2026-02-03,364.69,364.69,364.69,364.69,
2026-02-04,367.79,367.79,367.79,367.79,
2026-02-05,369.63,369.63,369.63,369.63,
2026-02-06,372.49,372.49,372.49,372.49,
2026-02-09,376.92,376.92,376.92,376.92,
2026-02-10,379.07,379.07,379.07,379.07,
2026-02-11,381.87,381.87,381.87,381.87,
2026-02-12,383.3,383.3,383.3,383.3,
2026-02-13,387.73,387.73,387.73,387.73,
2026-02-16,390.83,390.83,390.83,390.83,
2026-02-17,393.27,393.27,393.27,393.27,
2026-02-18,392.19,392.19,392.19,392.19,
2026-02-19,394.28,394.28,394.28,394.28,
2026-02-20,402.38,402.38,402.38,402.38,
2026-02-23,404.84,404.84,404.84,404.84,
2026-02-24,405.72,405.72,405.72,405.72,
2026-02-25,409.51,409.51,409.51,409.51,
2026-02-26,416.33,416.33,416.33,416.33,
2026-02-27,417.71,417.71,417.71,417.71,
2026-03-02,416.85,416.85,416.85,416.85,
2026-03-03,418.63,418.63,418.63,418.63,
2026-03-04,413.56,413.56,413.56,413.56,
2026-03-05,411.08,411.08,411.08,411.08,
2026-03-06,411.44,411.44,411.44,411.44,
2026-03-09,414.27,414.27,414.27,414.27,
2026-03-10,416.46,416.46,416.46,416.46,
2026-03-11,414.49,414.49,414.49,414.49,
2026-03-12,416.63,416.63,416.63,416.63,
2026-03-13,413.71,413.71,413.71,413.71,
2026-03-17,412.02,412.02,412.02,412.02,
2026-03-18,411.59,411.59,411.59,411.59,
2026-03-19,408.62,408.62,408.62,408.62,
2026-03-23,402.99,402.99,402.99,402.99,
2026-03-24,403.58,403.58,403.58,403.58,
2026-03-25,399.96,399.96,399.96,399.96,
2026-03-26,401.87,401.87,401.87,401.87,
2026-03-27,406.18,406.18,406.18,406.18,
2026-03-30,403.36,403.36,403.36,403.36,
2026-03-31,408.25,408.25,408.25,408.25,
2026-04-01,408.69,408.69,408.69,408.69,
2026-04-02,409.62,409.62,409.62,409.62,
2026-04-03,410.43,410.43,410.43,410.43,
2026-04-07,409.33,409.33,409.33,409.33,
2026-04-08,406.43,406.43,406.43,406.43,
2026-04-09,406.95,406.95,406.95,406.95,
2026-04-10,406.38,406.38,406.38,406.38,
2026-04-13,404.04,404.04,404.04,404.04,
2026-04-14,402.18,402.18,402.18,402.18,
2026-04-15,401.71,401.71,401.71,401.71,
2026-04-16,397.33,397.33,397.33,397.33,
2026-04-17,399.03,399.03,399.03,399.03,
2026-04-20,399.84,399.84,399.84,399.84,
2026-04-21,402.52,402.52,402.52,402.52,
2026-04-22,400.91,400.91,400.91,400.91,
2026-04-23,402.0,402.0,402.0,402.0,
2026-04-24,402.59,402.59,402.59,402.59,
2026-04-27,402.38,402.38,402.38,402.38,
2026-04-28,403.36,403.36,403.36,403.36,
2026-04-29,403.38,403.38,403.38,403.38,
2026-04-30,403.93,403.93,403.93,403.93,
2026-05-04,405.6,405.6,405.6,405.6,
2026-05-05,401.6,401.6,401.6,401.6,
2026-05-06,403.33,403.33,403.33,403.33,
2026-05-07,403.46,403.46,403.46,403.46,
2026-05-08,404.59,404.59,404.59,404.59,
2026-05-11,405.75,405.75,405.75,405.75,
2026-05-12,406.25,406.25,406.25,406.25,
2026-05-13,409.59,409.59,409.59,409.59,
2026-05-15,412.64,412.64,412.64,412.64,
2026-05-18,414.4,414.4,414.4,414.4,
2026-05-19,416.07,416.07,416.07,416.07,
2026-05-20,418.16,418.16,418.16,418.16,
2026-05-21,421.55,421.55,421.55,421.55,
2026-05-22,421.02,421.02,421.02,421.02,
2026-05-26,420.33,420.33,420.33,420.33,
2026-05-28,422.81,422.81,422.81,422.81,
2026-05-29,425.54,425.54,425.54,425.54,
2026-06-01,426.0,426.0,426.0,426.0,
2026-06-02,428.01,428.01,428.01,428.01,
2026-06-03,435.38,435.38,435.38,435.38,
2026-06-04,440.13,440.13,440.13,440.13,
2026-06-05,437.24,437.24,437.24,437.24,
2026-06-08,436.68,436.68,436.68,436.68,
2026-06-09,436.06,436.06,436.06,436.06,
2026-06-10,435.61,435.61,435.61,435.61,
2026-06-11,437.01,437.01,437.01,437.01,
2026-06-12,436.6,436.6,436.6,436.6,
2026-06-15,436.58,436.58,436.58,436.58,
2026-06-16,435.52,435.52,435.52,435.52,
2026-06-17,436.51,436.51,436.51,436.51,
2026-06-18,438.68,438.68,438.68,438.68,
2026-06-19,442.87,442.87,442.87,442.87,
2026-06-22,445.31,445.31,445.31,445.31,
2026-06-23,443.85,443.85,443.85,443.85,
2026-06-24,442.11,442.11,442.11,442.11,
2026-06-25,446.57,446.57,446.57,446.57,
2026-06-26,449.82,449.82,449.82,449.82,
2026-06-29,450.04,450.04,450.04,450.04,
2026-06-30,453.21,453.21,453.21,453.21,
2026-07-01,457.48,457.48,457.48,457.48,
2026-07-02,460.55,460.55,460.55,460.55,
2026-07-03,459.7,459.7,459.7,459.7,
2026-07-06,460.21,460.21,460.21,460.21,
2026-07-07,463.89,463.89,463.89,463.89,
2026-07-08,470.48,470.48,470.48,470.48,
2026-07-09,470.47,470.47,470.47,470.47,
2026-07-10,474.92,474.92,474.92,474.92,
2026-07-13,475.78,475.78,475.78,475.78,
2026-07-14,479.46,479.46,479.46,479.46,
2026-07-15,481.23,481.23,481.23,481.23,
2026-07-16,479.92,479.92,479.92,479.92,
2026-07-17,478.53,478.53,478.53,478.53,
2026-07-20,473.48,473.48,473.48,473.48,
2026-07-21,471.83,471.83,471.83,471.83,
2026-07-22,475.57,475.57,475.57,475.57,
2026-07-23,481.64,481.64,481.64,481.64,
2026-07-24,484.32,484.32,484.32,484.32,
2026-07-27,483.82,483.82,483.82,483.82,
2026-07-28,482.71,482.71,482.71,482.71,
2026-07-29,482.21,482.21,482.21,482.21,
2026-07-30,481.48,481.48,481.48,481.48,
2026-07-31,482.65,482.65,482.65,482.65,
2026-08-03,485.43,485.43,485.43,485.43,
2026-08-04,485.89,485.89,485.89,485.89,
2026-08-05,482.28,482.28,482.28,482.28,
2026-08-06,485.48,485.48,485.48,485.48,
2026-08-10,490.51,490.51,490.51,490.51,
2026-08-11,493.9,493.9,493.9,493.9,
2026-08-12,492.16,492.16,492.16,492.16,
2026-08-13,496.22,496.22,496.22,496.22,
2026-08-14,497.65,497.65,497.65,497.65,
2026-08-17,501.3,501.3,501.3,501.3,
2026-08-18,507.13,507.13,507.13,507.13,
2026-08-19,515.72,515.72,515.72,515.72,
2026-08-20,519.59,519.59,519.59,519.59,
2026-08-21,529.15,529.15,529.15,529.15,
2026-08-24,530.07,530.07,530.07,530.07,
2026-08-26,523.91,523.91,523.91,523.91,
2026-08-27,529.94,529.94,529.94,529.94,
2026-08-28,530.06,530.06,530.06,530.06,
2026-08-31,530.92,530.92,530.92,530.92,
2026-09-01,537.25,537.25,537.25,537.25,
